idx,codigo_interno,nombre,departamento_idx,departamento_nombre,cluster
364,60010,EL ENCANTO,1,AMAZONAS,Amazonía
541,60013,LA CHORRERA,1,AMAZONAS,Amazonía
560,60016,LA PEDRERA,1,AMAZONAS,Amazonía
579,60017,LA VICTORIA,1,AMAZONAS,Amazonía
589,60001,LETICIA,1,AMAZONAS,Amazonía
650,60019,MIRITI PARANA,1,AMAZONAS,Amazonía
802,60030,PUERTO ALEGRIA,1,AMAZONAS,Amazonía
803,60040,PUERTO ARICA,1,AMAZONAS,Amazonía
820,60007,PUERTO NARIÑO,1,AMAZONAS,Amazonía
828,60021,PUERTO SANTANDER,1,AMAZONAS,Amazonía
1085,60022,TARAPACA,1,AMAZONAS,Amazonía
35,01004,ABEJORRAL,2,ANTIOQUIA,Antioquia rural uribista
37,01007,ABRIAQUI,2,ANTIOQUIA,Antioquia rural uribista
57,01010,ALEJANDRIA,2,ANTIOQUIA,Antioquia rural uribista
68,01013,AMAGA,2,ANTIOQUIA,Antioquia rural uribista
69,01016,AMALFI,2,ANTIOQUIA,Antioquia rural uribista
74,01019,ANDES,2,ANTIOQUIA,Antioquia rural uribista
75,01022,ANGELOPOLIS,2,ANTIOQUIA,Antioquia rural uribista
76,01025,ANGOSTURA,2,ANTIOQUIA,Antioquia rural uribista
78,01028,ANORI,2,ANTIOQUIA,Antioquia rural uribista
81,01031,ANTIOQUIA,2,ANTIOQUIA,Antioquia rural uribista
82,01034,ANZA,2,ANTIOQUIA,Antioquia rural uribista
84,01035,APARTADO,2,ANTIOQUIA,Urabá
96,01037,ARBOLETES,2,ANTIOQUIA,Urabá
99,01039,ARGELIA,2,ANTIOQUIA,Antioquia rural uribista
106,01040,ARMENIA,2,ANTIOQUIA,Antioquia rural uribista
126,01043,BARBOSA,2,ANTIOQUIA,Antioquia metropolitana
142,01049,BELLO,2,ANTIOQUIA,Antioquia metropolitana
143,01046,BELMIRA,2,ANTIOQUIA,Antioquia rural uribista
146,01052,BETANIA,2,ANTIOQUIA,Antioquia rural uribista
148,01055,BETULIA,2,ANTIOQUIA,Antioquia rural uribista
156,01058,BOLIVAR,2,ANTIOQUIA,Antioquia rural uribista
164,01062,BRICEÑO,2,ANTIOQUIA,Antioquia rural uribista
178,01061,BURITICA,2,ANTIOQUIA,Antioquia rural uribista
184,01064,CACERES,2,ANTIOQUIA,Antioquia rural uribista
188,01067,CAICEDO,2,ANTIOQUIA,Antioquia rural uribista
197,01070,CALDAS,2,ANTIOQUIA,Antioquia metropolitana
204,01073,CAMPAMENTO,2,ANTIOQUIA,Antioquia rural uribista
216,01078,CARACOLI,2,ANTIOQUIA,Magdalena Medio
217,01079,CARAMANTA,2,ANTIOQUIA,Antioquia rural uribista
219,01080,CAREPA,2,ANTIOQUIA,Urabá
222,01082,CARMEN DE VIBORAL,2,ANTIOQUIA,Antioquia rural uribista
224,01085,CAROLINA,2,ANTIOQUIA,Antioquia rural uribista
231,01088,CAUCASIA,2,ANTIOQUIA,Antioquia rural uribista
232,01076,CAÑASGORDAS,2,ANTIOQUIA,Antioquia rural uribista
247,01106,CHIGORODO,2,ANTIOQUIA,Urabá
277,01091,CISNEROS,2,ANTIOQUIA,Antioquia rural uribista
279,01094,COCORNA,2,ANTIOQUIA,Antioquia rural uribista
287,01097,CONCEPCION,2,ANTIOQUIA,Antioquia rural uribista
289,01100,CONCORDIA,2,ANTIOQUIA,Antioquia rural uribista
297,01103,COPACABANA,2,ANTIOQUIA,Antioquia metropolitana
332,01109,DABEIBA,2,ANTIOQUIA,Antioquia rural uribista
338,01112,DON MATIAS,2,ANTIOQUIA,Antioquia rural uribista
342,01115,EBEJICO,2,ANTIOQUIA,Antioquia rural uribista
346,01117,EL BAGRE,2,ANTIOQUIA,Antioquia rural uribista
393,01118,ENTRERRIOS,2,ANTIOQUIA,Antioquia rural uribista
394,01121,ENVIGADO,2,ANTIOQUIA,Antioquia metropolitana
417,01124,FREDONIA,2,ANTIOQUIA,Antioquia rural uribista
419,01127,FRONTINO,2,ANTIOQUIA,Antioquia rural uribista
443,01130,GIRALDO,2,ANTIOQUIA,Antioquia rural uribista
445,01133,GIRARDOTA,2,ANTIOQUIA,Antioquia metropolitana
447,01136,GOMEZ PLATA,2,ANTIOQUIA,Antioquia rural uribista
450,01139,GRANADA,2,ANTIOQUIA,Antioquia rural uribista
459,01140,GUADALUPE,2,ANTIOQUIA,Antioquia rural uribista
471,01142,GUARNE,2,ANTIOQUIA,Antioquia rural uribista
473,01145,GUATAPE,2,ANTIOQUIA,Antioquia rural uribista
492,01148,HELICONIA,2,ANTIOQUIA,Antioquia rural uribista
495,01150,HISPANIA,2,ANTIOQUIA,Antioquia rural uribista
515,01151,ITAGUI,2,ANTIOQUIA,Antioquia metropolitana
517,01154,ITUANGO,2,ANTIOQUIA,Antioquia rural uribista
523,01157,JARDIN,2,ANTIOQUIA,Antioquia rural uribista
525,01160,JERICO,2,ANTIOQUIA,Antioquia rural uribista
539,01163,LA CEJA,2,ANTIOQUIA,Antioquia rural uribista
546,01166,LA ESTRELLA,2,ANTIOQUIA,Antioquia metropolitana
562,01170,LA PINTADA,2,ANTIOQUIA,Antioquia rural uribista
570,01169,LA UNION,2,ANTIOQUIA,Antioquia rural uribista
592,01172,LIBORINA,2,ANTIOQUIA,Antioquia rural uribista
606,01175,MACEO,2,ANTIOQUIA,Magdalena Medio
628,01178,MARINILLA,2,ANTIOQUIA,Antioquia rural uribista
637,01001,MEDELLIN,2,ANTIOQUIA,Antioquia metropolitana
661,01181,MONTEBELLO,2,ANTIOQUIA,Antioquia rural uribista
678,01184,MURINDO,2,ANTIOQUIA,Urabá
679,01187,MUTATA,2,ANTIOQUIA,Urabá
682,01190,NARIÑO,2,ANTIOQUIA,Antioquia rural uribista
687,01191,NECHI,2,ANTIOQUIA,Antioquia rural uribista
688,01192,NECOCLI,2,ANTIOQUIA,Urabá
712,01193,OLAYA,2,ANTIOQUIA,Antioquia rural uribista
762,01199,PEQUE,2,ANTIOQUIA,Antioquia rural uribista
766,01196,PEÑOL,2,ANTIOQUIA,Antioquia rural uribista
798,01202,PUEBLORRICO,2,ANTIOQUIA,Antioquia rural uribista
805,01205,PUERTO BERRIO,2,ANTIOQUIA,Magdalena Medio
819,01168,PUERTO NARE-LA MAGDALENA,2,ANTIOQUIA,Antioquia rural uribista
830,01206,PUERTO TRIUNFO,2,ANTIOQUIA,Magdalena Medio
849,01208,REMEDIOS,2,ANTIOQUIA,Antioquia rural uribista
858,01211,RETIRO,2,ANTIOQUIA,Antioquia rural uribista
867,01214,RIONEGRO,2,ANTIOQUIA,Antioquia rural uribista
883,01217,SABANALARGA,2,ANTIOQUIA,Antioquia rural uribista
887,01218,SABANETA,2,ANTIOQUIA,Antioquia metropolitana
898,01220,SALGAR,2,ANTIOQUIA,Antioquia rural uribista
905,01223,SAN ANDRES,2,ANTIOQUIA,Antioquia rural uribista
918,01226,SAN CARLOS,2,ANTIOQUIA,Antioquia rural uribista
929,01227,SAN FRANCISCO,2,ANTIOQUIA,Antioquia rural uribista
935,01229,SAN JERONIMO,2,ANTIOQUIA,Antioquia rural uribista
938,01230,SAN JOSE DE LA MONTAÑA,2,ANTIOQUIA,Antioquia rural uribista
948,01231,SAN JUAN DE URABA,2,ANTIOQUIA,Urabá
953,01232,SAN LUIS,2,ANTIOQUIA,Antioquia rural uribista
969,01235,SAN PEDRO,2,ANTIOQUIA,Antioquia rural uribista
973,01237,SAN PEDRO DE URABA,2,ANTIOQUIA,Urabá
975,01238,SAN RAFAEL,2,ANTIOQUIA,Antioquia rural uribista
976,01241,SAN ROQUE,2,ANTIOQUIA,Antioquia rural uribista
979,01244,SAN VICENTE,2,ANTIOQUIA,Antioquia rural uribista
985,01247,SANTA BARBARA,2,ANTIOQUIA,Antioquia rural uribista
999,01250,SANTA ROSA DE OSOS,2,ANTIOQUIA,Antioquia rural uribista
1009,01253,SANTO DOMINGO,2,ANTIOQUIA,Antioquia rural uribista
1011,01256,SANTUARIO,2,ANTIOQUIA,Antioquia rural uribista
1019,01259,SEGOVIA,2,ANTIOQUIA,Antioquia rural uribista
1045,01262,SONSON,2,ANTIOQUIA,Antioquia rural uribista
1046,01265,SOPETRAN,2,ANTIOQUIA,Antioquia rural uribista
1081,01268,TAMESIS,2,ANTIOQUIA,Antioquia rural uribista
1086,01270,TARAZA,2,ANTIOQUIA,Antioquia rural uribista
1088,01271,TARSO,2,ANTIOQUIA,Antioquia rural uribista
1112,01274,TITIRIBI,2,ANTIOQUIA,Antioquia rural uribista
1117,01277,TOLEDO,2,ANTIOQUIA,Antioquia rural uribista
1140,01280,TURBO,2,ANTIOQUIA,Urabá
1153,01282,URAMITA,2,ANTIOQUIA,Antioquia rural uribista
1156,01283,URRAO,2,ANTIOQUIA,Antioquia rural uribista
1161,01286,VALDIVIA,2,ANTIOQUIA,Antioquia rural uribista
1167,01289,VALPARAISO,2,ANTIOQUIA,Antioquia rural uribista
1169,01290,VEGACHI,2,ANTIOQUIA,Antioquia rural uribista
1172,01292,VENECIA,2,ANTIOQUIA,Antioquia rural uribista
1181,01291,VIGIA DEL FUERTE,2,ANTIOQUIA,Urabá
1207,01293,YALI,2,ANTIOQUIA,Antioquia rural uribista
1208,01295,YARUMAL,2,ANTIOQUIA,Antioquia rural uribista
1210,01298,YOLOMBO,2,ANTIOQUIA,Antioquia rural uribista
1211,01300,YONDO-CASABE,2,ANTIOQUIA,Antioquia rural uribista
1218,01301,ZARAGOZA,2,ANTIOQUIA,Antioquia rural uribista
91,40001,ARAUCA,3,ARAUCA,Llanos petroleros
92,40010,ARAUQUITA,3,ARAUCA,Llanos petroleros
313,40015,CRAVO NORTE,3,ARAUCA,Llanos petroleros
413,40017,FORTUL,3,ARAUCA,Llanos petroleros
825,40020,PUERTO RONDON,3,ARAUCA,Llanos petroleros
1014,40025,SARAVENA,3,ARAUCA,Llanos petroleros
1080,40005,TAME,3,ARAUCA,Llanos petroleros
123,03004,BARANOA,4,ATLANTICO,Caribe norte
134,03001,BARRANQUILLA,4,ATLANTICO,Caribe norte
205,03007,CAMPO DE LA CRUZ,4,ATLANTICO,Caribe norte
210,03010,CANDELARIA,4,ATLANTICO,Caribe norte
431,03013,GALAPA,4,ATLANTICO,Caribe norte
530,03016,JUAN DE ACOSTA,4,ATLANTICO,Caribe norte
603,03019,LURUACO,4,ATLANTICO,Caribe norte
615,03022,MALAMBO,4,ATLANTICO,Caribe norte
618,03025,MANATI,4,ATLANTICO,Caribe norte
738,03028,PALMAR DE VARELA,4,ATLANTICO,Caribe norte
775,03031,PIOJO,4,ATLANTICO,Caribe norte
785,03034,POLONUEVO,4,ATLANTICO,Caribe norte
786,03035,PONEDERA,4,ATLANTICO,Caribe norte
809,03037,PUERTO COLOMBIA,4,ATLANTICO,Caribe norte
851,03040,REPELON,4,ATLANTICO,Caribe norte
882,03043,SABANAGRANDE,4,ATLANTICO,Caribe norte
884,03046,SABANALARGA,4,ATLANTICO,Caribe norte
992,03047,SANTA LUCIA,4,ATLANTICO,Caribe norte
1010,03049,SANTO TOMAS,4,ATLANTICO,Caribe norte
1042,03052,SOLEDAD,4,ATLANTICO,Caribe norte
1054,03055,SUAN,4,ATLANTICO,Caribe norte
1131,03058,TUBARA,4,ATLANTICO,Caribe norte
1159,03061,USIACURI,4,ATLANTICO,Caribe norte
153,16001,BOGOTA. D.C.,5,BOGOTA D.C.,Bogotá centro/occidente
41,05004,ACHI,6,BOLIVAR,Caribe + Magdalena Medio
66,05006,ALTOS DEL ROSARIO,6,BOLIVAR,Caribe + Magdalena Medio
98,05005,ARENAL,6,BOLIVAR,Caribe + Magdalena Medio
105,05007,ARJONA,6,BOLIVAR,Caribe + Magdalena Medio
109,05009,ARROYO HONDO,6,BOLIVAR,Caribe + Magdalena Medio
132,05010,BARRANCO DE LOBA,6,BOLIVAR,Caribe + Magdalena Medio
194,05013,CALAMAR,6,BOLIVAR,Caribe + Magdalena Medio
212,05014,CANTAGALLO,6,BOLIVAR,Caribe + Magdalena Medio
225,05001,CARTAGENA,6,BOLIVAR,Caribe + Magdalena Medio
271,05015,CICUCO,6,BOLIVAR,Caribe + Magdalena Medio
278,05018,CLEMENCIA,6,BOLIVAR,Caribe + Magdalena Medio
299,05016,CORDOBA,6,BOLIVAR,Caribe + Magdalena Medio
354,05022,EL CARMEN DE BOLIVAR,6,BOLIVAR,Caribe + Magdalena Medio
367,05025,EL GUAMO,6,BOLIVAR,Caribe + Magdalena Medio
373,05027,EL PEÑON,6,BOLIVAR,Caribe + Magdalena Medio
488,05026,HATILLO DE LOBA,6,BOLIVAR,Caribe + Magdalena Medio
609,05028,MAGANGUE,6,BOLIVAR,Caribe + Magdalena Medio
611,05031,MAHATES,6,BOLIVAR,Caribe + Magdalena Medio
626,05037,MARGARITA,6,BOLIVAR,Caribe + Magdalena Medio
627,05040,MARIA LA BAJA,6,BOLIVAR,Caribe + Magdalena Medio
657,05043,MOMPOS,6,BOLIVAR,Caribe + Magdalena Medio
662,05041,MONTECRISTO,6,BOLIVAR,Caribe + Magdalena Medio
667,05044,MORALES,6,BOLIVAR,Caribe + Magdalena Medio
698,05050,NOROSI,6,BOLIVAR,Caribe + Magdalena Medio
774,05059,PINILLOS,6,BOLIVAR,Caribe + Magdalena Medio
848,05063,REGIDOR,6,BOLIVAR,Caribe + Magdalena Medio
871,05065,RIOVIEJO,6,BOLIVAR,Caribe + Magdalena Medio
923,05072,SAN CRISTOBAL,6,BOLIVAR,Caribe + Magdalena Medio
926,05070,SAN ESTANISLAO,6,BOLIVAR,Caribe + Magdalena Medio
928,05073,SAN FERNANDO,6,BOLIVAR,Caribe + Magdalena Medio
933,05076,SAN JACINTO,6,BOLIVAR,Caribe + Magdalena Medio
934,05078,SAN JACINTO DEL CAUCA,6,BOLIVAR,Caribe + Magdalena Medio
950,05079,SAN JUAN NEPOMUCENO,6,BOLIVAR,Caribe + Magdalena Medio
959,05082,SAN MARTIN DE LOBA,6,BOLIVAR,Caribe + Magdalena Medio
966,05084,SAN PABLO,6,BOLIVAR,Caribe + Magdalena Medio
989,05091,SANTA CATALINA,6,BOLIVAR,Caribe + Magdalena Medio
996,05094,SANTA ROSA,6,BOLIVAR,Caribe + Magdalena Medio
1001,05095,SANTA ROSA DEL SUR,6,BOLIVAR,Caribe + Magdalena Medio
1030,05097,SIMITI,6,BOLIVAR,Caribe + Magdalena Medio
1047,05106,SOPLAVIENTO,6,BOLIVAR,Caribe + Magdalena Medio
1077,05110,TALAIGUA NUEVO,6,BOLIVAR,Caribe + Magdalena Medio
1111,05113,TIQUISIO (PTO. RICO),6,BOLIVAR,Caribe + Magdalena Medio
1138,05118,TURBACO,6,BOLIVAR,Caribe + Magdalena Medio
1139,05121,TURBANA,6,BOLIVAR,Caribe + Magdalena Medio
1191,05124,VILLANUEVA,6,BOLIVAR,Caribe + Magdalena Medio
1215,05127,ZAMBRANO,6,BOLIVAR,Caribe + Magdalena Medio
62,07007,ALMEIDA,7,BOYACA,Boyacá-Cundi rural
87,07008,AQUITANIA (PUEBLOVIEJO),7,BOYACA,Boyacá-Cundi rural
97,07010,ARCABUCO,7,BOYACA,Boyacá-Cundi rural
137,07013,BELEN,7,BOYACA,Boyacá-Cundi rural
145,07016,BERBEO,7,BOYACA,Boyacá-Cundi rural
147,07019,BETEITIVA,7,BOYACA,Boyacá-Cundi rural
151,07022,BOAVITA,7,BOYACA,Boyacá-Cundi rural
162,07025,BOYACA,7,BOYACA,Boyacá-Cundi rural
165,07028,BRICEÑO,7,BOYACA,Boyacá-Cundi rural
169,07031,BUENAVISTA,7,BOYACA,Boyacá-Cundi rural
179,07034,BUSBANZA,7,BOYACA,Boyacá-Cundi rural
198,07037,CALDAS,7,BOYACA,Boyacá-Cundi rural
207,07040,CAMPOHERMOSO,7,BOYACA,Boyacá-Cundi rural
235,07043,CERINZA,7,BOYACA,Boyacá-Cundi rural
254,07064,CHINAVITA,7,BOYACA,Boyacá-Cundi rural
259,07067,CHIQUINQUIRA,7,BOYACA,Boyacá-Cundi rural
260,07068,CHIQUIZA,7,BOYACA,Boyacá-Cundi rural
262,07070,CHISCAS,7,BOYACA,Boyacá-Cundi rural
263,07073,CHITA,7,BOYACA,Boyacá-Cundi rural
265,07076,CHITARAQUE,7,BOYACA,Boyacá-Cundi rural
266,07077,CHIVATA,7,BOYACA,Boyacá-Cundi rural
268,07078,CHIVOR,7,BOYACA,Boyacá-Cundi rural
274,07046,CIENEGA,7,BOYACA,Boyacá-Cundi rural
286,07049,COMBITA,7,BOYACA,Boyacá-Cundi rural
298,07052,COPER,7,BOYACA,Boyacá-Cundi rural
306,07055,CORRALES,7,BOYACA,Boyacá-Cundi rural
310,07058,COVARACHIA,7,BOYACA,Boyacá-Cundi rural
316,07059,CUBARA,7,BOYACA,Boyacá-Cundi rural
318,07060,CUCAITA,7,BOYACA,Boyacá-Cundi rural
322,07061,CUITIVA,7,BOYACA,Boyacá-Cundi rural
340,07079,DUITAMA,7,BOYACA,Boyacá-Cundi rural
358,07082,EL COCUY,7,BOYACA,Boyacá-Cundi rural
365,07085,EL ESPINO,7,BOYACA,Boyacá-Cundi rural
403,07088,FIRAVITOBA,7,BOYACA,Boyacá-Cundi rural
407,07091,FLORESTA,7,BOYACA,Boyacá-Cundi rural
428,07094,GACHANTIVA,7,BOYACA,Boyacá-Cundi rural
436,07097,GAMEZA,7,BOYACA,Boyacá-Cundi rural
437,07100,GARAGOA,7,BOYACA,Boyacá-Cundi rural
454,07103,GUACAMAYAS,7,BOYACA,Boyacá-Cundi rural
477,07106,GUATEQUE,7,BOYACA,Boyacá-Cundi rural
482,07109,GUAYATA,7,BOYACA,Boyacá-Cundi rural
484,07112,GUICAN,7,BOYACA,Boyacá-Cundi rural
518,07118,IZA,7,BOYACA,Boyacá-Cundi rural
524,07121,JENESANO,7,BOYACA,Boyacá-Cundi rural
526,07124,JERICO,7,BOYACA,Boyacá-Cundi rural
538,07130,LA CAPILLA,7,BOYACA,Boyacá-Cundi rural
574,07136,LA UVITA,7,BOYACA,Boyacá-Cundi rural
577,07137,LA VICTORIA,7,BOYACA,Boyacá-Cundi rural
582,07127,LABRANZAGRANDE,7,BOYACA,Boyacá-Cundi rural
604,07142,MACANAL,7,BOYACA,Boyacá-Cundi rural
629,07148,MARIPI,7,BOYACA,Boyacá-Cundi rural
647,07151,MIRAFLORES,7,BOYACA,Boyacá-Cundi rural
658,07154,MONGUA,7,BOYACA,Boyacá-Cundi rural
659,07157,MONGUI,7,BOYACA,Boyacá-Cundi rural
660,07160,MONIQUIRA,7,BOYACA,Boyacá-Cundi rural
675,07161,MOTAVITA,7,BOYACA,Boyacá-Cundi rural
681,07163,MUZO,7,BOYACA,Boyacá-Cundi rural
695,07166,NOBSA,7,BOYACA,Boyacá-Cundi rural
704,07169,NUEVO COLON,7,BOYACA,Boyacá-Cundi rural
711,07173,OICATA,7,BOYACA,Boyacá-Cundi rural
720,07176,OTANCHE,7,BOYACA,Boyacá-Cundi rural
722,07178,PACHAVITA,7,BOYACA,Boyacá-Cundi rural
726,07179,PAEZ,7,BOYACA,Boyacá-Cundi rural
731,07181,PAIPA,7,BOYACA,Boyacá-Cundi rural
733,07184,PAJARITO,7,BOYACA,Boyacá-Cundi rural
748,07187,PANQUEBA,7,BOYACA,Boyacá-Cundi rural
755,07190,PAUNA,7,BOYACA,Boyacá-Cundi rural
756,07193,PAYA,7,BOYACA,Boyacá-Cundi rural
758,07199,PAZ DE RIO,7,BOYACA,Boyacá-Cundi rural
765,07202,PESCA,7,BOYACA,Boyacá-Cundi rural
776,07205,PISBA,7,BOYACA,Boyacá-Cundi rural
806,07214,PUERTO BOYACA,7,BOYACA,Boyacá-Cundi rural
842,07215,QUIPAMA,7,BOYACA,Boyacá-Cundi rural
845,07217,RAMIRIQUI,7,BOYACA,Boyacá-Cundi rural
846,07220,RAQUIRA,7,BOYACA,Boyacá-Cundi rural
877,07223,RONDON,7,BOYACA,Boyacá-Cundi rural
888,07226,SABOYA,7,BOYACA,Boyacá-Cundi rural
890,07232,SACHICA,7,BOYACA,Boyacá-Cundi rural
899,07235,SAMACA,7,BOYACA,Boyacá-Cundi rural
925,07237,SAN EDUARDO,7,BOYACA,Boyacá-Cundi rural
940,07238,SAN JOSE DE PARE,7,BOYACA,Boyacá-Cundi rural
955,07241,SAN LUIS DE GACENO,7,BOYACA,Boyacá-Cundi rural
961,07247,SAN MATEO,7,BOYACA,Boyacá-Cundi rural
964,07248,SAN MIGUEL DE SEMA,7,BOYACA,Boyacá-Cundi rural
968,07249,SAN PABLO DE BORBUR,7,BOYACA,Boyacá-Cundi rural
993,07251,SANTA MARIA,7,BOYACA,Boyacá-Cundi rural
1000,07253,SANTA ROSA DE VITERBO,7,BOYACA,Boyacá-Cundi rural
1003,07256,SANTA SOFIA,7,BOYACA,Boyacá-Cundi rural
1005,07250,SANTANA,7,BOYACA,Boyacá-Cundi rural
1017,07259,SATIVANORTE,7,BOYACA,Boyacá-Cundi rural
1018,07262,SATIVASUR,7,BOYACA,Boyacá-Cundi rural
1022,07265,SIACHOQUE,7,BOYACA,Boyacá-Cundi rural
1036,07268,SOATA,7,BOYACA,Boyacá-Cundi rural
1037,07274,SOCHA,7,BOYACA,Boyacá-Cundi rural
1039,07271,SOCOTA,7,BOYACA,Boyacá-Cundi rural
1040,07277,SOGAMOSO,7,BOYACA,Boyacá-Cundi rural
1044,07280,SOMONDOCO,7,BOYACA,Boyacá-Cundi rural
1049,07281,SORA,7,BOYACA,Boyacá-Cundi rural
1050,07282,SORACA,7,BOYACA,Boyacá-Cundi rural
1051,07283,SOTAQUIRA,7,BOYACA,Boyacá-Cundi rural
1070,07286,SUSACON,7,BOYACA,Boyacá-Cundi rural
1071,07289,SUTAMARCHAN,7,BOYACA,Boyacá-Cundi rural
1073,07292,SUTATENZA,7,BOYACA,Boyacá-Cundi rural
1089,07298,TASCO,7,BOYACA,Boyacá-Cundi rural
1096,07301,TENZA,7,BOYACA,Boyacá-Cundi rural
1101,07304,TIBANA,7,BOYACA,Boyacá-Cundi rural
1102,07307,TIBASOSA,7,BOYACA,Boyacá-Cundi rural
1109,07310,TINJACA,7,BOYACA,Boyacá-Cundi rural
1110,07311,TIPACOQUE,7,BOYACA,Boyacá-Cundi rural
1113,07313,TOCA,7,BOYACA,Boyacá-Cundi rural
1116,07316,TOGUI,7,BOYACA,Boyacá-Cundi rural
1122,07319,TOPAGA,7,BOYACA,Boyacá-Cundi rural
1126,07322,TOTA,7,BOYACA,Boyacá-Cundi rural
1135,07001,TUNJA,7,BOYACA,Boyacá-Cundi rural
1136,07324,TUNUNGUA,7,BOYACA,Boyacá-Cundi rural
1141,07325,TURMEQUE,7,BOYACA,Boyacá-Cundi rural
1143,07328,TUTA,7,BOYACA,Boyacá-Cundi rural
1144,07331,TUTAZA,7,BOYACA,Boyacá-Cundi rural
1149,07334,UMBITA,7,BOYACA,Boyacá-Cundi rural
1175,07337,VENTAQUEMADA,7,BOYACA,Boyacá-Cundi rural
1184,07139,VILLA DE LEIVA,7,BOYACA,Boyacá-Cundi rural
1201,07340,VIRACACHA,7,BOYACA,Boyacá-Cundi rural
1220,07346,ZETAQUIRA,7,BOYACA,Boyacá-Cundi rural
46,09004,AGUADAS,8,CALDAS,Eje cafetero
79,09007,ANSERMA,8,CALDAS,Eje cafetero
89,09013,ARANZAZU,8,CALDAS,Eje cafetero
136,09022,BELALCAZAR,8,CALDAS,Eje cafetero
255,09034,CHINCHINA,8,CALDAS,Eje cafetero
400,09037,FILADELFIA,8,CALDAS,Eje cafetero
544,09049,LA DORADA,8,CALDAS,Eje cafetero
554,09052,LA MERCED,8,CALDAS,Eje cafetero
622,09001,MANIZALES,8,CALDAS,Eje cafetero
624,09055,MANZANARES,8,CALDAS,Eje cafetero
631,09058,MARMATO,8,CALDAS,Eje cafetero
632,09061,MARQUETALIA,8,CALDAS,Eje cafetero
635,09067,MARULANDA,8,CALDAS,Eje cafetero
689,09076,NEIRA,8,CALDAS,Eje cafetero
697,09078,NORCASIA,8,CALDAS,Eje cafetero
724,09079,PACORA,8,CALDAS,Eje cafetero
735,09082,PALESTINA,8,CALDAS,Eje cafetero
761,09085,PENSILVANIA,8,CALDAS,Eje cafetero
869,09103,RIOSUCIO,8,CALDAS,Eje cafetero
872,09106,RISARALDA,8,CALDAS,Eje cafetero
893,09109,SALAMINA,8,CALDAS,Eje cafetero
900,09115,SAMANA,8,CALDAS,Eje cafetero
937,09120,SAN JOSE,8,CALDAS,Eje cafetero
1067,09124,SUPIA,8,CALDAS,Eje cafetero
1180,09127,VICTORIA,8,CALDAS,Eje cafetero
1190,09130,VILLAMARIA,8,CALDAS,Eje cafetero
1203,09133,VITERBO,8,CALDAS,Eje cafetero
53,44002,ALBANIA,9,CAQUETA,Sur Tolima-Huila-Caquetá
139,44004,BELEN DE LOS ANDAQUIES,9,CAQUETA,Sur Tolima-Huila-Caquetá
226,44003,CARTAGENA DEL CHAIRA,9,CAQUETA,Sur Tolima-Huila-Caquetá
329,44012,CURILLO,9,CAQUETA,Sur Tolima-Huila-Caquetá
361,44005,EL DONCELLO,9,CAQUETA,Sur Tolima-Huila-Caquetá
371,44006,EL PAUJIL,9,CAQUETA,Sur Tolima-Huila-Caquetá
406,44001,FLORENCIA,9,CAQUETA,Sur Tolima-Huila-Caquetá
556,44007,LA MONTAÑITA,9,CAQUETA,Sur Tolima-Huila-Caquetá
646,44016,MILAN,9,CAQUETA,Sur Tolima-Huila-Caquetá
669,44017,MORELIA,9,CAQUETA,Sur Tolima-Huila-Caquetá
822,44009,PUERTO RICO,9,CAQUETA,Sur Tolima-Huila-Caquetá
942,44020,SAN JOSE DEL FRAGUA,9,CAQUETA,Sur Tolima-Huila-Caquetá
981,44010,SAN VICENTE DEL CAGUAN,9,CAQUETA,Sur Tolima-Huila-Caquetá
1041,44022,SOLANO,9,CAQUETA,Sur Tolima-Huila-Caquetá
1043,44024,SOLITA,9,CAQUETA,Sur Tolima-Huila-Caquetá
1168,44040,VALPARAISO,9,CAQUETA,Sur Tolima-Huila-Caquetá
47,46040,AGUAZUL,10,CASANARE,Llanos petroleros
242,46120,CHAMEZA,10,CASANARE,Llanos petroleros
490,46320,HATO COROZAL,10,CASANARE,Llanos petroleros
566,46480,LA SALINA,10,CASANARE,Llanos petroleros
621,46520,MANI,10,CASANARE,Llanos petroleros
666,46540,MONTERREY,10,CASANARE,Llanos petroleros
705,46560,NUNCHIA,10,CASANARE,Llanos petroleros
717,46640,OROCUE,10,CASANARE,Llanos petroleros
757,46680,PAZ DE ARIPORO (MORENO),10,CASANARE,Llanos petroleros
788,46700,PORE,10,CASANARE,Llanos petroleros
847,46760,RECETOR,10,CASANARE,Llanos petroleros
885,46800,SABANALARGA,10,CASANARE,Llanos petroleros
889,46815,SACAMA,10,CASANARE,Llanos petroleros
956,46830,SAN LUIS DE PALENQUE,10,CASANARE,Llanos petroleros
1079,46840,TAMARA,10,CASANARE,Llanos petroleros
1090,46850,TAURAMENA,10,CASANARE,Llanos petroleros
1128,46865,TRINIDAD,10,CASANARE,Llanos petroleros
1193,46880,VILLANUEVA,10,CASANARE,Llanos petroleros
1212,46001,YOPAL,10,CASANARE,Llanos petroleros
61,11004,ALMAGUER,11,CAUCA,Pacífico indígena/campesino
100,11005,ARGELIA,11,CAUCA,Pacífico indígena/campesino
121,11006,BALBOA,11,CAUCA,Pacífico indígena/campesino
157,11007,BOLIVAR,11,CAUCA,Pacífico indígena/campesino
173,11010,BUENOS AIRES,11,CAUCA,Pacífico indígena/campesino
192,11013,CAJIBIO,11,CAUCA,Pacífico indígena/campesino
199,11016,CALDONO,11,CAUCA,Pacífico indígena/campesino
203,11019,CALOTO,11,CAUCA,Pacífico indígena/campesino
303,11022,CORINTO,11,CAUCA,Pacífico indígena/campesino
385,11025,EL TAMBO,11,CAUCA,Pacífico indígena/campesino
405,11027,FLORENCIA,11,CAUCA,Pacífico indígena/campesino
456,11029,GUACHENE,11,CAUCA,Pacífico indígena/campesino
468,11028,GUAPI,11,CAUCA,Pacífico afro
508,11031,INZA,11,CAUCA,Pacífico indígena/campesino
520,11034,JAMBALO,11,CAUCA,Pacífico indígena/campesino
567,11037,LA SIERRA,11,CAUCA,Pacífico indígena/campesino
575,11040,LA VEGA,11,CAUCA,Pacífico indígena/campesino
595,11043,LOPEZ (MICAY),11,CAUCA,Pacífico indígena/campesino
643,11046,MERCADERES,11,CAUCA,Pacífico indígena/campesino
649,11049,MIRANDA,11,CAUCA,Pacífico indígena/campesino
668,11052,MORALES,11,CAUCA,Pacífico indígena/campesino
725,11053,PADILLA,11,CAUCA,Pacífico indígena/campesino
727,11055,PAEZ (BELALCAZAR),11,CAUCA,Pacífico indígena/campesino
754,11058,PATIA (EL BORDO),11,CAUCA,Pacífico indígena/campesino
767,11060,PIAMONTE,11,CAUCA,Pacífico indígena/campesino
770,11061,PIENDAMO,11,CAUCA,Pacífico indígena/campesino
787,11001,POPAYAN,11,CAUCA,Pacífico indígena/campesino
829,11064,PUERTO TEJADA,11,CAUCA,Pacífico indígena/campesino
834,11067,PURACE (COCONUCO),11,CAUCA,Pacífico indígena/campesino
878,11070,ROSAS,11,CAUCA,Pacífico indígena/campesino
977,11073,SAN SEBASTIAN,11,CAUCA,Pacífico indígena/campesino
997,11079,SANTA ROSA,11,CAUCA,Pacífico indígena/campesino
1006,11076,SANTANDER DE QUILICHAO,11,CAUCA,Pacífico indígena/campesino
1027,11082,SILVIA,11,CAUCA,Pacífico indígena/campesino
1052,11085,SOTARA (PAISPAMBA),11,CAUCA,Pacífico indígena/campesino
1055,11087,SUAREZ,11,CAUCA,Pacífico indígena/campesino
1059,11086,SUCRE,11,CAUCA,Pacífico indígena/campesino
1107,11088,TIMBIO,11,CAUCA,Pacífico indígena/campesino
1108,11091,TIMBIQUI,11,CAUCA,Pacífico afro
1124,11094,TORIBIO,11,CAUCA,Pacífico indígena/campesino
1127,11097,TOTORO,11,CAUCA,Pacífico indígena/campesino
1186,11098,VILLA RICA,11,CAUCA,Pacífico indígena/campesino
44,12075,AGUACHICA,12,CESAR,Caribe norte
48,12150,AGUSTIN CODAZZI,12,CESAR,Caribe norte
111,12170,ASTREA,12,CESAR,Caribe norte
135,12180,BECERRIL,12,CESAR,Caribe norte
161,12200,BOSCONIA,12,CESAR,Caribe norte
251,12300,CHIMICHAGUA,12,CESAR,Caribe norte
261,12375,CHIRIGUANA,12,CESAR,Caribe norte
331,12225,CURUMANI,12,CESAR,Caribe norte
360,12410,EL COPEY,12,CESAR,Caribe norte
370,12415,EL PASO,12,CESAR,Caribe norte
434,12450,GAMARRA,12,CESAR,Caribe norte
448,12525,GONZALEZ,12,CESAR,Caribe norte
548,12600,LA GLORIA,12,CESAR,Caribe norte
550,12608,LA JAGUA DE IBIRICO,12,CESAR,Caribe norte
558,12825,LA PAZ,12,CESAR,Caribe norte
620,12625,MANAURE BALCON DEL CESAR (MANA,12,CESAR,Caribe norte
729,12650,PAILITAS,12,CESAR,Caribe norte
760,12700,PELAYA,12,CESAR,Caribe norte
795,12720,PUEBLO BELLO,12,CESAR,Caribe norte
861,12750,RIO DE ORO,12,CESAR,Caribe norte
904,12800,SAN ALBERTO,12,CESAR,Caribe norte
924,12850,SAN DIEGO,12,CESAR,Caribe norte
958,12875,SAN MARTIN,12,CESAR,Caribe norte
1078,12900,TAMALAMEQUE,12,CESAR,Caribe norte
1166,12001,VALLEDUPAR,12,CESAR,Caribe norte
39,17004,ACANDI,13,CHOCO,Pacífico afro
65,17006,ALTO BAUDO (PIE DE PATO),13,CHOCO,Pacífico afro
113,17002,ATRATO (YUTO),13,CHOCO,Pacífico afro
118,17007,BAGADO,13,CHOCO,Pacífico afro
119,17008,BAHIA SOLANO (MUTIS),13,CHOCO,Pacífico afro
120,17010,BAJO BAUDO (PIZARRO),13,CHOCO,Pacífico afro
155,17011,BOJAYA (BELLAVISTA),13,CHOCO,Pacífico afro
223,17015,CARMEN DEL DARIEN,13,CHOCO,Pacífico afro
238,17014,CERTEGUI,13,CHOCO,Pacífico afro
291,17013,CONDOTO,13,CHOCO,Pacífico afro
350,17017,EL CANTON DEL SAN PABLO (MAN.,13,CHOCO,Pacífico afro
351,17016,EL CARMEN,13,CHOCO,Pacífico afro
368,17038,EL LITORAL DEL SAN JUAN,13,CHOCO,Pacífico afro
514,17019,ISTMINA,13,CHOCO,Pacífico afro
532,17022,JURADO,13,CHOCO,Pacífico afro
594,17025,LLORO,13,CHOCO,Pacífico afro
639,17012,MEDIO ATRATO (BETE),13,CHOCO,Pacífico afro
640,17026,MEDIO BAUDO (PUERTO MELUK),13,CHOCO,Pacífico afro
641,17027,MEDIO SAN JUAN,13,CHOCO,Pacífico afro
700,17028,NOVITA,13,CHOCO,Pacífico afro
703,17082,NUEVO BELEN DE BAJIRA,13,CHOCO,Pacífico afro
706,17031,NUQUI,13,CHOCO,Pacífico afro
839,17001,QUIBDO,13,CHOCO,Pacífico afro
862,17032,RIO IRO,13,CHOCO,Pacífico afro
863,17035,RIO QUITO (PAIMADO),13,CHOCO,Pacífico afro
870,17034,RIOSUCIO,13,CHOCO,Pacífico afro
944,17037,SAN JOSE DEL PALMAR,13,CHOCO,Pacífico afro
1033,17040,SIPI,13,CHOCO,Pacífico afro
1075,17043,TADO,13,CHOCO,Pacífico afro
1151,17048,UNGUIA,13,CHOCO,Pacífico afro
1152,17060,UNION PANAMERICANA (LAS ANIMAS,13,CHOCO,Pacífico afro
58,88120,ALEMANIA,14,CONSULADOS,Exterior (consulados)
102,88130,ARGELIA,14,CONSULADOS,Exterior (consulados)
103,88155,ARGENTINA,14,CONSULADOS,Exterior (consulados)
110,88160,ARUBA,14,CONSULADOS,Exterior (consulados)
114,88165,AUSTRALIA,14,CONSULADOS,Exterior (consulados)
115,88170,AUSTRIA,14,CONSULADOS,Exterior (consulados)
117,88135,AZERBAIYAN,14,CONSULADOS,Exterior (consulados)
141,88190,BELGICA,14,CONSULADOS,Exterior (consulados)
160,88215,BOLIVIA,14,CONSULADOS,Exterior (consulados)
163,88220,BRASIL,14,CONSULADOS,Exterior (consulados)
208,88250,CANADA,14,CONSULADOS,Exterior (consulados)
248,88305,CHILE,14,CONSULADOS,Exterior (consulados)
252,88315,CHINA REPUBLICA POPULAR,14,CONSULADOS,Exterior (consulados)
302,88275,COREA DEL SUR,14,CONSULADOS,Exterior (consulados)
307,88285,COSTA RICA,14,CONSULADOS,Exterior (consulados)
315,88290,CUBA,14,CONSULADOS,Exterior (consulados)
328,88140,CURAZAO,14,CONSULADOS,Exterior (consulados)
335,88325,DINAMARCA,14,CONSULADOS,Exterior (consulados)
343,88330,ECUADOR,14,CONSULADOS,Exterior (consulados)
344,88335,EGIPTO,14,CONSULADOS,Exterior (consulados)
383,88340,EL SALVADOR,14,CONSULADOS,Exterior (consulados)
390,88350,EMIRATOS ARABES UNIDOS,14,CONSULADOS,Exterior (consulados)
395,88355,ESPAÑA,14,CONSULADOS,Exterior (consulados)
397,88360,ESTADOS UNIDOS,14,CONSULADOS,Exterior (consulados)
402,88375,FINLANDIA,14,CONSULADOS,Exterior (consulados)
415,88380,FRANCIA,14,CONSULADOS,Exterior (consulados)
440,88115,GHANA,14,CONSULADOS,Exterior (consulados)
476,88410,GUATEMALA,14,CONSULADOS,Exterior (consulados)
487,88430,HAITI,14,CONSULADOS,Exterior (consulados)
498,88440,HONDURAS,14,CONSULADOS,Exterior (consulados)
499,88445,HUNGRIA,14,CONSULADOS,Exterior (consulados)
504,88455,INDIA,14,CONSULADOS,Exterior (consulados)
505,88460,INDONESIA,14,CONSULADOS,Exterior (consulados)
506,88465,INGLATERRA,14,CONSULADOS,Exterior (consulados)
511,88470,IRLANDA,14,CONSULADOS,Exterior (consulados)
513,88490,ISRAEL,14,CONSULADOS,Exterior (consulados)
516,88495,ITALIA,14,CONSULADOS,Exterior (consulados)
519,88500,JAMAICA,14,CONSULADOS,Exterior (consulados)
522,88505,JAPON,14,CONSULADOS,Exterior (consulados)
533,88515,KENIA,14,CONSULADOS,Exterior (consulados)
591,88535,LIBANO,14,CONSULADOS,Exterior (consulados)
616,88560,MALASIA,14,CONSULADOS,Exterior (consulados)
633,88580,MARRUECOS,14,CONSULADOS,Exterior (consulados)
645,88590,MEXICO,14,CONSULADOS,Exterior (consulados)
692,88620,NICARAGUA,14,CONSULADOS,Exterior (consulados)
699,88635,NORUEGA,14,CONSULADOS,Exterior (consulados)
702,88625,NUEVA ZELANDIA,14,CONSULADOS,Exterior (consulados)
732,88435,PAISES BAJOS,14,CONSULADOS,Exterior (consulados)
746,88655,PANAMA,14,CONSULADOS,Exterior (consulados)
749,88665,PARAGUAY,14,CONSULADOS,Exterior (consulados)
764,88670,PERU,14,CONSULADOS,Exterior (consulados)
784,88675,POLONIA,14,CONSULADOS,Exterior (consulados)
789,88680,PORTUGAL,14,CONSULADOS,Exterior (consulados)
824,88683,PUERTO RICO,14,CONSULADOS,Exterior (consulados)
852,88370,REPUBLICA DE FILIPINAS,14,CONSULADOS,Exterior (consulados)
853,88688,REPUBLICA DE SINGAPUR,14,CONSULADOS,Exterior (consulados)
854,88685,REPUBLICA DOMINICANA,14,CONSULADOS,Exterior (consulados)
855,88690,REPUBLICA SOCIALISTA DE VIETNA,14,CONSULADOS,Exterior (consulados)
880,88700,RUSIA,14,CONSULADOS,Exterior (consulados)
1062,88745,SUDAFRICA,14,CONSULADOS,Exterior (consulados)
1063,88755,SUECIA,14,CONSULADOS,Exterior (consulados)
1065,88760,SUIZA,14,CONSULADOS,Exterior (consulados)
1076,88765,TAILANDIA,14,CONSULADOS,Exterior (consulados)
1129,88785,TRINIDAD Y TOBAGO,14,CONSULADOS,Exterior (consulados)
1142,88770,TURQUIA,14,CONSULADOS,Exterior (consulados)
1157,88805,URUGUAY,14,CONSULADOS,Exterior (consulados)
1174,88815,VENEZUELA,14,CONSULADOS,Exterior (consulados)
116,13004,AYAPEL,15,CORDOBA,Caribe + Magdalena Medio
170,13007,BUENAVISTA,15,CORDOBA,Caribe + Magdalena Medio
209,13009,CANALETE,15,CORDOBA,Caribe + Magdalena Medio
234,13010,CERETE,15,CORDOBA,Caribe + Magdalena Medio
249,13016,CHIMA,15,CORDOBA,Caribe + Magdalena Medio
256,13019,CHINU,15,CORDOBA,Caribe + Magdalena Medio
273,13013,CIENAGA DE ORO,15,CORDOBA,Caribe + Magdalena Medio
309,13014,COTORRA (BONGO),15,CORDOBA,Caribe + Magdalena Medio
534,13020,LA APARTADA (FRONTERA),15,CORDOBA,Caribe + Magdalena Medio
596,13022,LORICA,15,CORDOBA,Caribe + Magdalena Medio
598,13023,LOS CORDOBAS,15,CORDOBA,Caribe + Magdalena Medio
656,13024,MOMIL,15,CORDOBA,Caribe + Magdalena Medio
663,13025,MONTELIBANO,15,CORDOBA,Caribe + Magdalena Medio
665,13001,MONTERIA,15,CORDOBA,Caribe + Magdalena Medio
676,13027,MOÑITOS,15,CORDOBA,Caribe + Magdalena Medio
781,13028,PLANETA RICA,15,CORDOBA,Caribe + Magdalena Medio
796,13031,PUEBLO NUEVO,15,CORDOBA,Caribe + Magdalena Medio
812,13033,PUERTO ESCONDIDO,15,CORDOBA,Caribe + Magdalena Medio
816,13032,PUERTO LIBERTADOR,15,CORDOBA,Caribe + Magdalena Medio
836,13034,PURISIMA,15,CORDOBA,Caribe + Magdalena Medio
891,13037,SAHAGUN,15,CORDOBA,Caribe + Magdalena Medio
908,13040,SAN ANDRES DE SOTAVENTO,15,CORDOBA,Caribe + Magdalena Medio
909,13043,SAN ANTERO,15,CORDOBA,Caribe + Magdalena Medio
916,13046,SAN BERNARDO DEL VIENTO,15,CORDOBA,Caribe + Magdalena Medio
919,13049,SAN CARLOS,15,CORDOBA,Caribe + Magdalena Medio
941,13052,SAN JOSE DE URE,15,CORDOBA,Caribe + Magdalena Medio
974,13055,SAN PELAYO,15,CORDOBA,Caribe + Magdalena Medio
1105,13058,TIERRALTA,15,CORDOBA,Caribe + Magdalena Medio
1132,13060,TUCHIN,15,CORDOBA,Caribe + Magdalena Medio
1162,13061,VALENCIA,15,CORDOBA,Caribe + Magdalena Medio
43,15004,AGUA DE DIOS,16,CUNDINAMARCA,Bogotá región
50,15007,ALBAN,16,CUNDINAMARCA,Bogotá región
71,15010,ANAPOIMA,16,CUNDINAMARCA,Bogotá región
77,15013,ANOLAIMA,16,CUNDINAMARCA,Bogotá región
86,15217,APULO,16,CUNDINAMARCA,Bogotá región
93,15016,ARBELAEZ,16,CUNDINAMARCA,Bogotá región
144,15019,BELTRAN,16,CUNDINAMARCA,Bogotá región
150,15022,BITUIMA,16,CUNDINAMARCA,Bogotá región
154,15025,BOJACA,16,CUNDINAMARCA,Bogotá región
180,15029,CABRERA,16,CUNDINAMARCA,Bogotá región
185,15030,CACHIPAY,16,CUNDINAMARCA,Bogotá región
193,15031,CAJICA,16,CUNDINAMARCA,Bogotá región
213,15034,CAPARRAPI,16,CUNDINAMARCA,Bogotá región
215,15037,CAQUEZA,16,CUNDINAMARCA,Bogotá región
221,15040,CARMEN DE CARUPA,16,CUNDINAMARCA,Bogotá región
240,15052,CHAGUANI,16,CUNDINAMARCA,Bogotá región
246,15055,CHIA,16,CUNDINAMARCA,Bogotá región
257,15058,CHIPAQUE,16,CUNDINAMARCA,Bogotá región
269,15061,CHOACHI,16,CUNDINAMARCA,Bogotá región
270,15064,CHOCONTA,16,CUNDINAMARCA,Bogotá región
281,15043,COGUA,16,CUNDINAMARCA,Bogotá región
308,15046,COTA,16,CUNDINAMARCA,Bogotá región
319,15049,CUCUNUBA,16,CUNDINAMARCA,Bogotá región
359,15067,EL COLEGIO,16,CUNDINAMARCA,Bogotá región
374,15070,EL PEÑON,16,CUNDINAMARCA,Bogotá región
381,15072,EL ROSAL,16,CUNDINAMARCA,Bogotá región
398,15076,FACATATIVA,16,CUNDINAMARCA,Bogotá región
411,15079,FOMEQUE,16,CUNDINAMARCA,Bogotá región
414,15085,FOSCA,16,CUNDINAMARCA,Bogotá región
423,15088,FUNZA,16,CUNDINAMARCA,Bogotá región
424,15091,FUQUENE,16,CUNDINAMARCA,Bogotá región
425,15094,FUSAGASUGA,16,CUNDINAMARCA,Bogotá región
426,15097,GACHALA,16,CUNDINAMARCA,Bogotá región
427,15100,GACHANCIPA,16,CUNDINAMARCA,Bogotá región
429,15103,GACHETA,16,CUNDINAMARCA,Bogotá región
433,15106,GAMA,16,CUNDINAMARCA,Bogotá región
444,15109,GIRARDOT,16,CUNDINAMARCA,Bogotá región
451,15132,GRANADA,16,CUNDINAMARCA,Bogotá región
457,15112,GUACHETA,16,CUNDINAMARCA,Bogotá región
462,15115,GUADUAS,16,CUNDINAMARCA,Bogotá región
472,15118,GUASCA,16,CUNDINAMARCA,Bogotá región
474,15121,GUATAQUI,16,CUNDINAMARCA,Bogotá región
475,15124,GUATAVITA,16,CUNDINAMARCA,Bogotá región
480,15127,GUAYABAL DE SIQUIMA,16,CUNDINAMARCA,Bogotá región
481,15128,GUAYABETAL,16,CUNDINAMARCA,Bogotá región
485,15130,GUTIERREZ,16,CUNDINAMARCA,Bogotá región
527,15133,JERUSALEN,16,CUNDINAMARCA,Bogotá región
531,15136,JUNIN,16,CUNDINAMARCA,Bogotá región
537,15139,LA CALERA,16,CUNDINAMARCA,Bogotá región
555,15142,LA MESA,16,CUNDINAMARCA,Bogotá región
557,15145,LA PALMA,16,CUNDINAMARCA,Bogotá región
561,15148,LA PEÑA,16,CUNDINAMARCA,Bogotá región
576,15151,LA VEGA,16,CUNDINAMARCA,Bogotá región
587,15154,LENGUAZAQUE,16,CUNDINAMARCA,Bogotá región
607,15157,MACHETA,16,CUNDINAMARCA,Bogotá región
608,15160,MADRID,16,CUNDINAMARCA,Bogotá región
623,15163,MANTA,16,CUNDINAMARCA,Bogotá región
638,15166,MEDINA,16,CUNDINAMARCA,Bogotá región
673,15169,MOSQUERA,16,CUNDINAMARCA,Bogotá región
683,15172,NARIÑO,16,CUNDINAMARCA,Bogotá región
691,15175,NEMOCON,16,CUNDINAMARCA,Bogotá región
693,15178,NILO,16,CUNDINAMARCA,Bogotá región
694,15181,NIMAIMA,16,CUNDINAMARCA,Bogotá región
696,15184,NOCAIMA,16,CUNDINAMARCA,Bogotá región
723,15190,PACHO,16,CUNDINAMARCA,Bogotá región
730,15193,PAIME,16,CUNDINAMARCA,Bogotá región
747,15196,PANDI,16,CUNDINAMARCA,Bogotá región
751,15198,PARATEBUENO (LA NAGUAYA),16,CUNDINAMARCA,Bogotá región
752,15199,PASCA,16,CUNDINAMARCA,Bogotá región
826,15202,PUERTO SALGAR,16,CUNDINAMARCA,Bogotá región
832,15205,PULI,16,CUNDINAMARCA,Bogotá región
837,15208,QUEBRADANEGRA,16,CUNDINAMARCA,Bogotá región
838,15211,QUETAME,16,CUNDINAMARCA,Bogotá región
843,15214,QUIPILE,16,CUNDINAMARCA,Bogotá región
859,15218,RICAURTE,16,CUNDINAMARCA,Bogotá región
911,15220,SAN ANTONIO DEL TEQUENDAMA,16,CUNDINAMARCA,Bogotá región
914,15223,SAN BERNARDO,16,CUNDINAMARCA,Bogotá región
921,15226,SAN CAYETANO,16,CUNDINAMARCA,Bogotá región
930,15229,SAN FRANCISCO,16,CUNDINAMARCA,Bogotá región
947,15232,SAN JUAN DE RIOSECO,16,CUNDINAMARCA,Bogotá región
1016,15235,SASAIMA,16,CUNDINAMARCA,Bogotá región
1020,15238,SESQUILE,16,CUNDINAMARCA,Bogotá región
1023,15239,SIBATE,16,CUNDINAMARCA,Bogotá región
1026,15241,SILVANIA,16,CUNDINAMARCA,Bogotá región
1029,15244,SIMIJACA,16,CUNDINAMARCA,Bogotá región
1035,15247,SOACHA,16,CUNDINAMARCA,Bogotá región
1048,15250,SOPO,16,CUNDINAMARCA,Bogotá región
1058,15256,SUBACHOQUE,16,CUNDINAMARCA,Bogotá región
1064,15259,SUESCA,16,CUNDINAMARCA,Bogotá región
1066,15262,SUPATA,16,CUNDINAMARCA,Bogotá región
1069,15265,SUSA,16,CUNDINAMARCA,Bogotá región
1072,15268,SUTATAUSA,16,CUNDINAMARCA,Bogotá región
1074,15271,TABIO,16,CUNDINAMARCA,Bogotá región
1091,15274,TAUSA,16,CUNDINAMARCA,Bogotá región
1093,15277,TENA,16,CUNDINAMARCA,Bogotá región
1095,15280,TENJO,16,CUNDINAMARCA,Bogotá región
1100,15283,TIBACUY,16,CUNDINAMARCA,Bogotá región
1103,15286,TIBIRITA,16,CUNDINAMARCA,Bogotá región
1114,15289,TOCAIMA,16,CUNDINAMARCA,Bogotá región
1115,15292,TOCANCIPA,16,CUNDINAMARCA,Bogotá región
1123,15295,TOPAIPI,16,CUNDINAMARCA,Bogotá región
1145,15298,UBALA,16,CUNDINAMARCA,Bogotá región
1146,15301,UBAQUE,16,CUNDINAMARCA,Bogotá región
1147,15304,UBATE,16,CUNDINAMARCA,Bogotá región
1150,15307,UNE,16,CUNDINAMARCA,Bogotá región
1160,15316,UTICA,16,CUNDINAMARCA,Bogotá región
1173,15318,VENECIA,16,CUNDINAMARCA,Bogotá región
1176,15319,VERGARA,16,CUNDINAMARCA,Bogotá región
1179,15322,VIANI,16,CUNDINAMARCA,Bogotá región
1188,15323,VILLAGOMEZ,16,CUNDINAMARCA,Bogotá región
1195,15325,VILLAPINZON,16,CUNDINAMARCA,Bogotá región
1199,15328,VILLETA,16,CUNDINAMARCA,Bogotá región
1200,15331,VIOTA,16,CUNDINAMARCA,Bogotá región
1204,15334,YACOPI,16,CUNDINAMARCA,Bogotá región
1221,15337,ZIPACON,16,CUNDINAMARCA,Bogotá región
1222,15340,ZIPAQUIRA,16,CUNDINAMARCA,Bogotá región
133,50070,BARRANCOMINAS,17,GUAINIA,Amazonía
183,50073,CACAHUAL,17,GUAINIA,Amazonía
507,50001,INIRIDA,17,GUAINIA,Amazonía
549,50078,LA GUADALUPE,17,GUAINIA,Amazonía
670,50083,MORICHAL (MORICHAL NUEVO),17,GUAINIA,Amazonía
745,50087,PANA PANA (CAMPO ALEGRE),17,GUAINIA,Amazonía
810,50090,PUERTO COLOMBIA,17,GUAINIA,Amazonía
927,50092,SAN FELIPE,17,GUAINIA,Amazonía
195,54003,CALAMAR,18,GUAVIARE,Amazonía
379,54007,EL RETORNO,18,GUAVIARE,Amazonía
648,54012,MIRAFLORES,18,GUAVIARE,Amazonía
943,54001,SAN JOSE DEL GUAVIARE,18,GUAVIARE,Amazonía
40,19004,ACEVEDO,19,HUILA,Sur Tolima-Huila-Caquetá
42,19007,AGRADO,19,HUILA,Sur Tolima-Huila-Caquetá
49,19010,AIPE,19,HUILA,Sur Tolima-Huila-Caquetá
60,19013,ALGECIRAS,19,HUILA,Sur Tolima-Huila-Caquetá
64,19016,ALTAMIRA,19,HUILA,Sur Tolima-Huila-Caquetá
124,19019,BARAYA,19,HUILA,Sur Tolima-Huila-Caquetá
206,19022,CAMPOALEGRE,19,HUILA,Sur Tolima-Huila-Caquetá
282,19028,COLOMBIA,19,HUILA,Sur Tolima-Huila-Caquetá
389,19031,ELIAS,19,HUILA,Sur Tolima-Huila-Caquetá
438,19034,GARZON,19,HUILA,Sur Tolima-Huila-Caquetá
441,19037,GIGANTE,19,HUILA,Sur Tolima-Huila-Caquetá
460,19040,GUADALUPE,19,HUILA,Sur Tolima-Huila-Caquetá
496,19043,HOBO,19,HUILA,Sur Tolima-Huila-Caquetá
510,19046,IQUIRA,19,HUILA,Sur Tolima-Huila-Caquetá
512,19044,ISNOS,19,HUILA,Sur Tolima-Huila-Caquetá
535,19047,LA ARGENTINA (PLATA VIEJA),19,HUILA,Sur Tolima-Huila-Caquetá
563,19049,LA PLATA,19,HUILA,Sur Tolima-Huila-Caquetá
685,19050,NATAGA,19,HUILA,Sur Tolima-Huila-Caquetá
690,19001,NEIVA,19,HUILA,Sur Tolima-Huila-Caquetá
715,19051,OPORAPA,19,HUILA,Sur Tolima-Huila-Caquetá
728,19052,PAICOL,19,HUILA,Sur Tolima-Huila-Caquetá
734,19055,PALERMO,19,HUILA,Sur Tolima-Huila-Caquetá
736,19056,PALESTINA,19,HUILA,Sur Tolima-Huila-Caquetá
777,19058,PITAL,19,HUILA,Sur Tolima-Huila-Caquetá
778,19061,PITALITO,19,HUILA,Sur Tolima-Huila-Caquetá
873,19064,RIVERA,19,HUILA,Sur Tolima-Huila-Caquetá
892,19067,SALADOBLANCO,19,HUILA,Sur Tolima-Huila-Caquetá
903,19070,SAN AGUSTIN,19,HUILA,Sur Tolima-Huila-Caquetá
994,19074,SANTA MARIA,19,HUILA,Sur Tolima-Huila-Caquetá
1057,19076,SUAZA,19,HUILA,Sur Tolima-Huila-Caquetá
1087,19079,TARQUI,19,HUILA,Sur Tolima-Huila-Caquetá
1092,19082,TELLO,19,HUILA,Sur Tolima-Huila-Caquetá
1098,19085,TERUEL,19,HUILA,Sur Tolima-Huila-Caquetá
1099,19025,TESALIA (CARNICERIAS),19,HUILA,Sur Tolima-Huila-Caquetá
1106,19088,TIMANA,19,HUILA,Sur Tolima-Huila-Caquetá
1198,19091,VILLAVIEJA,19,HUILA,Sur Tolima-Huila-Caquetá
1206,19094,YAGUARA,19,HUILA,Sur Tolima-Huila-Caquetá
54,48002,ALBANIA,20,LA GUAJIRA,Caribe norte
131,48004,BARRANCAS,20,LA GUAJIRA,Caribe norte
334,48005,DIBULLA,20,LA GUAJIRA,Caribe norte
336,48008,DISTRACCION,20,LA GUAJIRA,Caribe norte
369,48006,EL MOLINO,20,LA GUAJIRA,Caribe norte
412,48007,FONSECA,20,LA GUAJIRA,Caribe norte
491,48009,HATONUEVO,20,LA GUAJIRA,Caribe norte
551,48012,LA JAGUA DEL PILAR,20,LA GUAJIRA,Caribe norte
612,48010,MAICAO,20,LA GUAJIRA,Caribe norte
619,48011,MANAURE,20,LA GUAJIRA,Caribe norte
866,48001,RIOHACHA,20,LA GUAJIRA,Caribe norte
949,48013,SAN JUAN DEL CESAR,20,LA GUAJIRA,Caribe norte
1155,48016,URIBIA,20,LA GUAJIRA,Caribe norte
1158,48018,URUMITA,20,LA GUAJIRA,Caribe norte
1194,48020,VILLANUEVA,20,LA GUAJIRA,Caribe norte
59,21008,ALGARROBO,21,MAGDALENA,Caribe norte
88,21010,ARACATACA,21,MAGDALENA,Caribe norte
104,21012,ARIGUANI (EL DIFICIL),21,MAGDALENA,Caribe norte
237,21013,CERRO DE SAN ANTONIO,21,MAGDALENA,Caribe norte
267,21015,CHIVOLO,21,MAGDALENA,Caribe norte
272,21016,CIENAGA,21,MAGDALENA,Caribe norte
290,21020,CONCORDIA,21,MAGDALENA,Caribe norte
347,21025,EL BANCO,21,MAGDALENA,Caribe norte
376,21028,EL PIÑON,21,MAGDALENA,Caribe norte
378,21030,EL RETEN,21,MAGDALENA,Caribe norte
421,21031,FUNDACION,21,MAGDALENA,Caribe norte
465,21040,GUAMAL,21,MAGDALENA,Caribe norte
701,21042,NUEVA GRANADA,21,MAGDALENA,Caribe norte
759,21046,PEDRAZA,21,MAGDALENA,Caribe norte
772,21048,PIJIÑO DEL CARMEN,21,MAGDALENA,Caribe norte
779,21049,PIVIJAY,21,MAGDALENA,Caribe norte
782,21052,PLATO,21,MAGDALENA,Caribe norte
799,21055,PUEBLOVIEJO,21,MAGDALENA,Caribe norte
850,21058,REMOLINO,21,MAGDALENA,Caribe norte
886,21060,SABANAS DE SAN ANGEL,21,MAGDALENA,Caribe norte
894,21067,SALAMINA,21,MAGDALENA,Caribe norte
978,21070,SAN SEBASTIAN DE BUENAVISTA,21,MAGDALENA,Caribe norte
982,21073,SAN ZENON,21,MAGDALENA,Caribe norte
984,21076,SANTA ANA,21,MAGDALENA,Caribe norte
988,21078,SANTA BARBARA DE PINTO,21,MAGDALENA,Caribe norte
995,21001,SANTA MARTA,21,MAGDALENA,Caribe norte
1034,21079,SITIONUEVO,21,MAGDALENA,Caribe norte
1094,21085,TENERIFE,21,MAGDALENA,Caribe norte
1217,21090,ZAPAYAN,21,MAGDALENA,Caribe norte
1223,21095,ZONA BANANERA (SEVILLA),21,MAGDALENA,Caribe norte
38,52005,ACACIAS,22,META,Llanos petroleros
129,52006,BARRANCA DE UPIA,22,META,Llanos petroleros
182,52008,CABUYARO,22,META,Llanos petroleros
230,52010,CASTILLA LA NUEVA,22,META,Llanos petroleros
317,52015,CUBARRAL,22,META,Llanos petroleros
323,52020,CUMARAL,22,META,Llanos petroleros
349,52025,EL CALVARIO,22,META,Llanos petroleros
355,52027,EL CASTILLO,22,META,Llanos petroleros
362,52028,EL DORADO,22,META,Llanos petroleros
420,52030,FUENTE DE ORO,22,META,Llanos petroleros
452,52035,GRANADA,22,META,Llanos petroleros
466,52040,GUAMAL,22,META,Llanos petroleros
553,52041,LA MACARENA,22,META,Llanos petroleros
586,52042,LEJANIAS,22,META,Llanos petroleros
625,52046,MAPIRIPAN,22,META,Llanos petroleros
644,52044,MESETAS,22,META,Llanos petroleros
811,52047,PUERTO CONCORDIA,22,META,Llanos petroleros
813,52043,PUERTO GAITAN,22,META,Llanos petroleros
817,52048,PUERTO LLERAS,22,META,Llanos petroleros
818,52045,PUERTO LOPEZ,22,META,Llanos petroleros
823,52049,PUERTO RICO,22,META,Llanos petroleros
857,52050,RESTREPO,22,META,Llanos petroleros
920,52055,SAN CARLOS DE GUAROA,22,META,Llanos petroleros
945,52058,SAN JUAN DE ARAMA,22,META,Llanos petroleros
951,52059,SAN JUANITO,22,META,Llanos petroleros
960,52060,SAN MARTIN DE LOS LLANOS,22,META,Llanos petroleros
1154,52074,URIBE,22,META,Llanos petroleros
1197,52001,VILLAVICENCIO,22,META,Llanos petroleros
1202,52080,VISTA HERMOSA,22,META,Llanos petroleros
51,23004,ALBAN (SAN JOSE),23,NARIÑO,Sur andino Nariño
56,23007,ALDANA,23,NARIÑO,Sur andino Nariño
72,23010,ANCUYA,23,NARIÑO,Sur andino Nariño
94,23013,ARBOLEDA (BERRUECOS),23,NARIÑO,Sur andino Nariño
125,23016,BARBACOAS,23,NARIÑO,Sur andino Nariño
138,23017,BELEN,23,NARIÑO,Sur andino Nariño
175,23019,BUESACO,23,NARIÑO,Sur andino Nariño
239,23038,CHACHAGUI,23,NARIÑO,Sur andino Nariño
284,23022,COLON (GENOVA),23,NARIÑO,Sur andino Nariño
293,23025,CONSACA,23,NARIÑO,Sur andino Nariño
294,23028,CONTADERO,23,NARIÑO,Sur andino Nariño
300,23031,CORDOBA,23,NARIÑO,Sur andino Nariño
314,23034,CUASPUD (CARLOSAMA),23,NARIÑO,Sur andino Nariño
325,23037,CUMBAL,23,NARIÑO,Sur andino Nariño
326,23039,CUMBITARA,23,NARIÑO,Sur andino Nariño
357,23041,EL CHARCO,23,NARIÑO,Pacífico afro
372,23044,EL PEÑOL,23,NARIÑO,Sur andino Nariño
382,23040,EL ROSARIO,23,NARIÑO,Sur andino Nariño
384,23043,EL TABLON,23,NARIÑO,Sur andino Nariño
386,23046,EL TAMBO,23,NARIÑO,Sur andino Nariño
416,23047,FRANCISCO PIZARRO (SALAHONDA),23,NARIÑO,Sur andino Nariño
422,23049,FUNES,23,NARIÑO,Sur andino Nariño
458,23052,GUACHUCAL,23,NARIÑO,Sur andino Nariño
463,23055,GUAITARILLA,23,NARIÑO,Sur andino Nariño
464,23058,GUALMATAN,23,NARIÑO,Sur andino Nariño
502,23061,ILES,23,NARIÑO,Sur andino Nariño
503,23064,IMUES,23,NARIÑO,Sur andino Nariño
509,23067,IPIALES,23,NARIÑO,Sur andino Nariño
542,23073,LA CRUZ,23,NARIÑO,Sur andino Nariño
547,23076,LA FLORIDA,23,NARIÑO,Sur andino Nariño
552,23077,LA LLANADA,23,NARIÑO,Sur andino Nariño
569,23078,LA TOLA,23,NARIÑO,Pacífico afro
571,23079,LA UNION,23,NARIÑO,Sur andino Nariño
585,23080,LEIVA,23,NARIÑO,Sur andino Nariño
593,23082,LINARES,23,NARIÑO,Sur andino Nariño
597,23085,LOS ANDES (SOTOMAYOR),23,NARIÑO,Sur andino Nariño
610,23088,MAGUI (PAYAN),23,NARIÑO,Sur andino Nariño
617,23091,MALLAMA (PIEDRANCHA),23,NARIÑO,Sur andino Nariño
674,23094,MOSQUERA,23,NARIÑO,Pacífico afro
684,23096,NARIÑO,23,NARIÑO,Sur andino Nariño
713,23095,OLAYA HERRERA,23,NARIÑO,Pacífico afro
719,23097,OSPINA,23,NARIÑO,Sur andino Nariño
753,23001,PASTO,23,NARIÑO,Sur andino Nariño
783,23098,POLICARPA,23,NARIÑO,Sur andino Nariño
790,23100,POTOSI,23,NARIÑO,Sur andino Nariño
793,23101,PROVIDENCIA,23,NARIÑO,Sur andino Nariño
801,23103,PUERRES,23,NARIÑO,Sur andino Nariño
833,23106,PUPIALES,23,NARIÑO,Sur andino Nariño
860,23109,RICAURTE,23,NARIÑO,Sur andino Nariño
874,23112,ROBERTO PAYAN (SAN JOSE),23,NARIÑO,Sur andino Nariño
901,23115,SAMANIEGO,23,NARIÑO,Sur andino Nariño
915,23120,SAN BERNARDO,23,NARIÑO,Sur andino Nariño
952,23121,SAN LORENZO,23,NARIÑO,Sur andino Nariño
967,23124,SAN PABLO,23,NARIÑO,Sur andino Nariño
972,23123,SAN PEDRO DE CARTAGO,23,NARIÑO,Sur andino Nariño
983,23118,SANDONA,23,NARIÑO,Sur andino Nariño
987,23125,SANTA BARBARA (ISCUANDE),23,NARIÑO,Sur andino Nariño
1004,23127,SANTACRUZ (GUACHAVES),23,NARIÑO,Sur andino Nariño
1013,23130,SAPUYES,23,NARIÑO,Sur andino Nariño
1082,23133,TAMINANGO,23,NARIÑO,Sur andino Nariño
1083,23136,TANGUA,23,NARIÑO,Sur andino Nariño
1134,23139,TUMACO,23,NARIÑO,Pacífico afro
1137,23142,TUQUERRES,23,NARIÑO,Sur andino Nariño
1205,23145,YACUANQUER,23,NARIÑO,Sur andino Nariño
36,25004,ABREGO,24,NORTE DE SAN,Catatumbo / Frontera
95,25007,ARBOLEDAS,24,NORTE DE SAN,Catatumbo / Frontera
152,25010,BOCHALEMA,24,NORTE DE SAN,Catatumbo / Frontera
167,25013,BUCARASICA,24,NORTE DE SAN,Catatumbo / Frontera
186,25019,CACHIRA,24,NORTE DE SAN,Catatumbo / Frontera
187,25016,CACOTA,24,NORTE DE SAN,Catatumbo / Frontera
253,25028,CHINACOTA,24,NORTE DE SAN,Catatumbo / Frontera
264,25031,CHITAGA,24,NORTE DE SAN,Catatumbo / Frontera
296,25022,CONVENCION,24,NORTE DE SAN,Catatumbo / Frontera
320,25001,CUCUTA,24,NORTE DE SAN,Norte Santander urbano (Cúcuta)
321,25025,CUCUTILLA,24,NORTE DE SAN,Catatumbo / Frontera
341,25034,DURANIA,24,NORTE DE SAN,Catatumbo / Frontera
352,25037,EL CARMEN,24,NORTE DE SAN,Catatumbo / Frontera
387,25036,EL TARRA,24,NORTE DE SAN,Catatumbo / Frontera
388,25038,EL ZULIA,24,NORTE DE SAN,Catatumbo / Frontera
449,25040,GRAMALOTE,24,NORTE DE SAN,Catatumbo / Frontera
486,25043,HACARI,24,NORTE DE SAN,Catatumbo / Frontera
493,25046,HERRAN,24,NORTE DE SAN,Catatumbo / Frontera
545,25051,LA ESPERANZA,24,NORTE DE SAN,Catatumbo / Frontera
564,25052,LA PLAYA,24,NORTE DE SAN,Catatumbo / Frontera
581,25049,LABATECA,24,NORTE DE SAN,Catatumbo / Frontera
600,25054,LOS PATIOS,24,NORTE DE SAN,Norte Santander urbano (Cúcuta)
602,25055,LOURDES,24,NORTE DE SAN,Catatumbo / Frontera
680,25058,MUTISCUA,24,NORTE DE SAN,Catatumbo / Frontera
709,25061,OCAÑA,24,NORTE DE SAN,Catatumbo / Frontera
743,25064,PAMPLONA,24,NORTE DE SAN,Catatumbo / Frontera
744,25067,PAMPLONITA,24,NORTE DE SAN,Catatumbo / Frontera
827,25069,PUERTO SANTANDER,24,NORTE DE SAN,Catatumbo / Frontera
844,25070,RAGONVALIA,24,NORTE DE SAN,Catatumbo / Frontera
895,25073,SALAZAR,24,NORTE DE SAN,Catatumbo / Frontera
917,25076,SAN CALIXTO,24,NORTE DE SAN,Catatumbo / Frontera
922,25079,SAN CAYETANO,24,NORTE DE SAN,Catatumbo / Frontera
1007,25082,SANTIAGO,24,NORTE DE SAN,Catatumbo / Frontera
1015,25085,SARDINATA,24,NORTE DE SAN,Catatumbo / Frontera
1025,25088,SILOS,24,NORTE DE SAN,Catatumbo / Frontera
1097,25091,TEORAMA,24,NORTE DE SAN,Catatumbo / Frontera
1104,25093,TIBU,24,NORTE DE SAN,Catatumbo / Frontera
1118,25094,TOLEDO,24,NORTE DE SAN,Catatumbo / Frontera
1183,25097,VILLA CARO,24,NORTE DE SAN,Catatumbo / Frontera
1185,25100,VILLA DEL ROSARIO,24,NORTE DE SAN,Norte Santander urbano (Cúcuta)
283,64007,COLON,25,PUTUMAYO,Amazonía
653,64001,MOCOA,25,PUTUMAYO,Amazonía
716,64023,ORITO,25,PUTUMAYO,Amazonía
804,64002,PUERTO ASIS,25,PUTUMAYO,Amazonía
807,64026,PUERTO CAICEDO,25,PUTUMAYO,Amazonía
814,64025,PUERTO GUZMAN,25,PUTUMAYO,Amazonía
815,64004,PUERTO LEGUIZAMO,25,PUTUMAYO,Amazonía
931,64013,SAN FRANCISCO,25,PUTUMAYO,Amazonía
963,64018,SAN MIGUEL (LA DORADA),25,PUTUMAYO,Amazonía
1008,64016,SANTIAGO,25,PUTUMAYO,Amazonía
1024,64019,SIBUNDOY,25,PUTUMAYO,Amazonía
1165,64028,VALLE DEL GUAMUEZ (LA HORMIGA),25,PUTUMAYO,Amazonía
1187,64030,VILLAGARZON,25,PUTUMAYO,Amazonía
107,26001,ARMENIA,26,QUINDIO,Eje cafetero
171,26005,BUENAVISTA,26,QUINDIO,Eje cafetero
196,26010,CALARCA,26,QUINDIO,Eje cafetero
276,26020,CIRCASIA,26,QUINDIO,Eje cafetero
301,26025,CORDOBA,26,QUINDIO,Eje cafetero
401,26030,FILANDIA,26,QUINDIO,Eje cafetero
439,26040,GENOVA,26,QUINDIO,Eje cafetero
568,26050,LA TEBAIDA,26,QUINDIO,Eje cafetero
664,26060,MONTENEGRO,26,QUINDIO,Eje cafetero
771,26070,PIJAO,26,QUINDIO,Eje cafetero
840,26080,QUIMBAYA,26,QUINDIO,Eje cafetero
897,26090,SALENTO,26,QUINDIO,Eje cafetero
85,24008,APIA,27,RISARALDA,Eje cafetero
122,24013,BALBOA,27,RISARALDA,Eje cafetero
140,24021,BELEN DE UMBRIA,27,RISARALDA,Eje cafetero
339,24025,DOSQUEBRADAS,27,RISARALDA,Eje cafetero
478,24029,GUATICA,27,RISARALDA,Eje cafetero
540,24038,LA CELIA,27,RISARALDA,Eje cafetero
580,24046,LA VIRGINIA,27,RISARALDA,Eje cafetero
634,24054,MARSELLA,27,RISARALDA,Eje cafetero
651,24062,MISTRATO,27,RISARALDA,Eje cafetero
763,24001,PEREIRA,27,RISARALDA,Eje cafetero
797,24070,PUEBLO RICO,27,RISARALDA,Eje cafetero
841,24078,QUINCHIA,27,RISARALDA,Eje cafetero
998,24086,SANTA ROSA DE CABAL,27,RISARALDA,Eje cafetero
1012,24094,SANTUARIO,27,RISARALDA,Eje cafetero
794,56004,PROVIDENCIA,28,SAN ANDRES,Caribe insular
907,56001,SAN ANDRES,28,SAN ANDRES,Caribe insular
45,27004,AGUADA,29,SANTANDER,Santanderes rurales
52,27007,ALBANIA,29,SANTANDER,Santanderes rurales
90,27010,ARATOCA,29,SANTANDER,Santanderes rurales
127,27013,BARBOSA,29,SANTANDER,Santanderes rurales
128,27016,BARICHARA,29,SANTANDER,Santanderes rurales
130,27019,BARRANCABERMEJA,29,SANTANDER,Magdalena Medio
149,27022,BETULIA,29,SANTANDER,Santanderes rurales
158,27025,BOLIVAR,29,SANTANDER,Santanderes rurales
166,27001,BUCARAMANGA,29,SANTANDER,Santanderes urbanos
181,27028,CABRERA,29,SANTANDER,Santanderes rurales
201,27031,CALIFORNIA,29,SANTANDER,Santanderes rurales
214,27034,CAPITANEJO,29,SANTANDER,Santanderes rurales
218,27037,CARCASI,29,SANTANDER,Santanderes rurales
233,27040,CEPITA,29,SANTANDER,Santanderes rurales
236,27043,CERRITO,29,SANTANDER,Santanderes rurales
244,27061,CHARALA,29,SANTANDER,Santanderes rurales
245,27064,CHARTA,29,SANTANDER,Santanderes rurales
250,27067,CHIMA,29,SANTANDER,Santanderes rurales
258,27070,CHIPATA,29,SANTANDER,Santanderes rurales
275,27045,CIMITARRA,29,SANTANDER,Santanderes rurales
288,27046,CONCEPCION,29,SANTANDER,Santanderes rurales
292,27049,CONFINES,29,SANTANDER,Santanderes rurales
295,27052,CONTRATACION,29,SANTANDER,Santanderes rurales
304,27055,COROMORO,29,SANTANDER,Santanderes rurales
330,27058,CURITI,29,SANTANDER,Santanderes rurales
353,27071,EL CARMEN,29,SANTANDER,Santanderes rurales
366,27073,EL GUACAMAYO,29,SANTANDER,Santanderes rurales
375,27075,EL PEÑON,29,SANTANDER,Santanderes rurales
377,27074,EL PLAYON,29,SANTANDER,Santanderes rurales
391,27076,ENCINO,29,SANTANDER,Santanderes rurales
392,27079,ENCISO,29,SANTANDER,Santanderes rurales
408,27080,FLORIAN,29,SANTANDER,Santanderes rurales
410,27082,FLORIDABLANCA,29,SANTANDER,Santanderes urbanos
430,27085,GALAN,29,SANTANDER,Santanderes rurales
435,27088,GAMBITA,29,SANTANDER,Santanderes rurales
446,27091,GIRON,29,SANTANDER,Santanderes urbanos
453,27094,GUACA,29,SANTANDER,Santanderes rurales
461,27097,GUADALUPE,29,SANTANDER,Santanderes rurales
469,27100,GUAPOTA,29,SANTANDER,Santanderes rurales
479,27103,GUAVATA,29,SANTANDER,Santanderes rurales
483,27106,GUEPSA,29,SANTANDER,Santanderes rurales
489,27109,HATO,29,SANTANDER,Santanderes rurales
528,27112,JESUS MARIA,29,SANTANDER,Santanderes rurales
529,27115,JORDAN,29,SANTANDER,Santanderes rurales
536,27119,LA BELLEZA,29,SANTANDER,Santanderes rurales
559,27118,LA PAZ,29,SANTANDER,Santanderes rurales
583,27120,LANDAZURI,29,SANTANDER,Santanderes rurales
584,27121,LEBRIJA,29,SANTANDER,Santanderes rurales
601,27124,LOS SANTOS,29,SANTANDER,Santanderes rurales
605,27127,MACARAVITA,29,SANTANDER,Santanderes rurales
614,27130,MALAGA,29,SANTANDER,Santanderes rurales
636,27133,MATANZA,29,SANTANDER,Santanderes rurales
654,27136,MOGOTES,29,SANTANDER,Santanderes rurales
655,27139,MOLAGAVITA,29,SANTANDER,Santanderes rurales
708,27142,OCAMONTE,29,SANTANDER,Santanderes rurales
710,27145,OIBA,29,SANTANDER,Santanderes rurales
714,27148,ONZAGA,29,SANTANDER,Santanderes rurales
737,27151,PALMAR,29,SANTANDER,Santanderes rurales
739,27154,PALMAS DEL SOCORRO,29,SANTANDER,Santanderes rurales
750,27157,PARAMO,29,SANTANDER,Santanderes rurales
768,27160,PIEDECUESTA,29,SANTANDER,Santanderes urbanos
773,27163,PINCHOTE,29,SANTANDER,Santanderes rurales
800,27166,PUENTE NACIONAL,29,SANTANDER,Santanderes rurales
821,27167,PUERTO PARRA,29,SANTANDER,Magdalena Medio
831,27169,PUERTO WILCHES,29,SANTANDER,Santanderes rurales
868,27172,RIONEGRO,29,SANTANDER,Santanderes rurales
881,27174,SABANA DE TORRES,29,SANTANDER,Santanderes rurales
906,27175,SAN ANDRES,29,SANTANDER,Santanderes rurales
912,27178,SAN BENITO,29,SANTANDER,Santanderes rurales
932,27181,SAN GIL,29,SANTANDER,Santanderes rurales
936,27184,SAN JOAQUIN,29,SANTANDER,Santanderes rurales
939,27187,SAN JOSE DE MIRANDA,29,SANTANDER,Santanderes rurales
962,27190,SAN MIGUEL,29,SANTANDER,Santanderes rurales
980,27193,SAN VICENTE DE CHUCURI,29,SANTANDER,Magdalena Medio
986,27195,SANTA BARBARA,29,SANTANDER,Santanderes rurales
990,27194,SANTA HELENA DEL OPON,29,SANTANDER,Santanderes rurales
1028,27196,SIMACOTA,29,SANTANDER,Santanderes rurales
1038,27199,SOCORRO,29,SANTANDER,Santanderes rurales
1053,27202,SUAITA,29,SANTANDER,Santanderes rurales
1060,27205,SUCRE,29,SANTANDER,Santanderes rurales
1068,27208,SURATA,29,SANTANDER,Santanderes rurales
1121,27211,TONA,29,SANTANDER,Santanderes rurales
1163,27217,VALLE DE SAN JOSE,29,SANTANDER,Santanderes rurales
1170,27220,VELEZ,29,SANTANDER,Santanderes rurales
1178,27219,VETAS,29,SANTANDER,Santanderes rurales
1192,27221,VILLANUEVA,29,SANTANDER,Santanderes rurales
1216,27223,ZAPATOCA,29,SANTANDER,Santanderes rurales
172,28010,BUENAVISTA,30,SUCRE,Caribe + Magdalena Medio
190,28020,CAIMITO,30,SUCRE,Caribe + Magdalena Medio
241,28045,CHALAN,30,SUCRE,Caribe + Magdalena Medio
285,28030,COLOSO (RICAURTE),30,SUCRE,Caribe + Magdalena Medio
305,28040,COROZAL,30,SUCRE,Caribe + Magdalena Medio
311,28041,COVEÑAS,30,SUCRE,Caribe + Magdalena Medio
380,28042,EL ROBLE,30,SUCRE,Caribe + Magdalena Medio
432,28048,GALERAS (NUEVA GRANADA),30,SUCRE,Caribe + Magdalena Medio
470,28049,GUARANDA,30,SUCRE,Caribe + Magdalena Medio
572,28050,LA UNION,30,SUCRE,Caribe + Magdalena Medio
599,28055,LOS PALMITOS,30,SUCRE,Caribe + Magdalena Medio
613,28060,MAJAGUAL,30,SUCRE,Caribe + Magdalena Medio
672,28080,MORROA,30,SUCRE,Caribe + Magdalena Medio
721,28100,OVEJAS,30,SUCRE,Caribe + Magdalena Medio
741,28120,PALMITO,30,SUCRE,Caribe + Magdalena Medio
902,28160,SAMPUES,30,SUCRE,Caribe + Magdalena Medio
913,28180,SAN BENITO ABAD,30,SUCRE,Caribe + Magdalena Medio
946,28190,SAN JUAN DE BETULIA (BETULIA),30,SUCRE,Caribe + Magdalena Medio
957,28200,SAN MARCOS,30,SUCRE,Caribe + Magdalena Medio
965,28220,SAN ONOFRE,30,SUCRE,Caribe + Magdalena Medio
970,28240,SAN PEDRO,30,SUCRE,Caribe + Magdalena Medio
1031,28260,SINCE,30,SUCRE,Caribe + Magdalena Medio
1032,28001,SINCELEJO,30,SUCRE,Caribe + Magdalena Medio
1061,28280,SUCRE,30,SUCRE,Caribe + Magdalena Medio
1119,28300,TOLU,30,SUCRE,Caribe + Magdalena Medio
1120,28320,TOLUVIEJO,30,SUCRE,Caribe + Magdalena Medio
63,29004,ALPUJARRA,31,TOLIMA,Sur Tolima-Huila-Caquetá
67,29007,ALVARADO,31,TOLIMA,Sur Tolima-Huila-Caquetá
70,29010,AMBALEMA,31,TOLIMA,Sur Tolima-Huila-Caquetá
83,29013,ANZOATEGUI,31,TOLIMA,Sur Tolima-Huila-Caquetá
108,29016,ARMERO (GUAYABAL),31,TOLIMA,Sur Tolima-Huila-Caquetá
112,29019,ATACO,31,TOLIMA,Sur Tolima-Huila-Caquetá
191,29022,CAJAMARCA,31,TOLIMA,Sur Tolima-Huila-Caquetá
220,29025,CARMEN DE APICALA,31,TOLIMA,Sur Tolima-Huila-Caquetá
229,29028,CASABIANCA,31,TOLIMA,Sur Tolima-Huila-Caquetá
243,29040,CHAPARRAL,31,TOLIMA,Sur Tolima-Huila-Caquetá
280,29031,COELLO,31,TOLIMA,Sur Tolima-Huila-Caquetá
312,29034,COYAIMA,31,TOLIMA,Sur Tolima-Huila-Caquetá
327,29037,CUNDAY,31,TOLIMA,Sur Tolima-Huila-Caquetá
337,29043,DOLORES,31,TOLIMA,Sur Tolima-Huila-Caquetá
396,29046,ESPINAL,31,TOLIMA,Sur Tolima-Huila-Caquetá
399,29049,FALAN,31,TOLIMA,Sur Tolima-Huila-Caquetá
404,29052,FLANDES,31,TOLIMA,Sur Tolima-Huila-Caquetá
418,29055,FRESNO,31,TOLIMA,Sur Tolima-Huila-Caquetá
467,29058,GUAMO,31,TOLIMA,Sur Tolima-Huila-Caquetá
494,29061,HERVEO,31,TOLIMA,Sur Tolima-Huila-Caquetá
497,29064,HONDA,31,TOLIMA,Sur Tolima-Huila-Caquetá
500,29001,IBAGUE,31,TOLIMA,Sur Tolima-Huila-Caquetá
501,29067,ICONONZO,31,TOLIMA,Sur Tolima-Huila-Caquetá
588,29070,LERIDA,31,TOLIMA,Sur Tolima-Huila-Caquetá
590,29073,LIBANO,31,TOLIMA,Sur Tolima-Huila-Caquetá
630,29076,MARIQUITA,31,TOLIMA,Sur Tolima-Huila-Caquetá
642,29079,MELGAR,31,TOLIMA,Sur Tolima-Huila-Caquetá
677,29080,MURILLO,31,TOLIMA,Sur Tolima-Huila-Caquetá
686,29082,NATAGAIMA,31,TOLIMA,Sur Tolima-Huila-Caquetá
718,29085,ORTEGA,31,TOLIMA,Sur Tolima-Huila-Caquetá
742,29087,PALOCABILDO,31,TOLIMA,Sur Tolima-Huila-Caquetá
769,29088,PIEDRAS,31,TOLIMA,Sur Tolima-Huila-Caquetá
780,29089,PLANADAS,31,TOLIMA,Sur Tolima-Huila-Caquetá
792,29091,PRADO,31,TOLIMA,Sur Tolima-Huila-Caquetá
835,29094,PURIFICACION,31,TOLIMA,Sur Tolima-Huila-Caquetá
864,29097,RIOBLANCO,31,TOLIMA,Sur Tolima-Huila-Caquetá
876,29100,RONCESVALLES,31,TOLIMA,Sur Tolima-Huila-Caquetá
879,29103,ROVIRA,31,TOLIMA,Sur Tolima-Huila-Caquetá
896,29105,SALDAÑA,31,TOLIMA,Sur Tolima-Huila-Caquetá
910,29106,SAN ANTONIO,31,TOLIMA,Sur Tolima-Huila-Caquetá
954,29109,SAN LUIS,31,TOLIMA,Sur Tolima-Huila-Caquetá
991,29112,SANTA ISABEL,31,TOLIMA,Sur Tolima-Huila-Caquetá
1056,29115,SUAREZ,31,TOLIMA,Sur Tolima-Huila-Caquetá
1164,29118,VALLE DE SAN JUAN,31,TOLIMA,Sur Tolima-Huila-Caquetá
1171,29121,VENADILLO,31,TOLIMA,Sur Tolima-Huila-Caquetá
1189,29124,VILLAHERMOSA,31,TOLIMA,Sur Tolima-Huila-Caquetá
1196,29127,VILLARRICA,31,TOLIMA,Sur Tolima-Huila-Caquetá
55,31004,ALCALA,32,VALLE,Valle del Cauca
73,31007,ANDALUCIA,32,VALLE,Valle del Cauca
80,31010,ANSERMANUEVO,32,VALLE,Valle del Cauca
101,31013,ARGELIA,32,VALLE,Valle del Cauca
159,31016,BOLIVAR,32,VALLE,Valle del Cauca
168,31019,BUENAVENTURA,32,VALLE,Pacífico afro
176,31022,BUGA,32,VALLE,Valle del Cauca
177,31025,BUGALAGRANDE,32,VALLE,Valle del Cauca
189,31028,CAICEDONIA,32,VALLE,Valle del Cauca
200,31001,CALI,32,VALLE,Valle del Cauca
202,31040,CALIMA (DARIEN),32,VALLE,Valle del Cauca
211,31031,CANDELARIA,32,VALLE,Valle del Cauca
227,31034,CARTAGO,32,VALLE,Valle del Cauca
333,31037,DAGUA,32,VALLE,Valle del Cauca
345,31043,EL AGUILA,32,VALLE,Valle del Cauca
348,31046,EL CAIRO,32,VALLE,Valle del Cauca
356,31049,EL CERRITO,32,VALLE,Valle del Cauca
363,31052,EL DOVIO,32,VALLE,Valle del Cauca
409,31055,FLORIDA,32,VALLE,Valle del Cauca
442,31058,GINEBRA,32,VALLE,Valle del Cauca
455,31061,GUACARI,32,VALLE,Valle del Cauca
521,31064,JAMUNDI,32,VALLE,Valle del Cauca
543,31067,LA CUMBRE,32,VALLE,Valle del Cauca
573,31070,LA UNION,32,VALLE,Valle del Cauca
578,31073,LA VICTORIA,32,VALLE,Valle del Cauca
707,31076,OBANDO,32,VALLE,Valle del Cauca
740,31079,PALMIRA,32,VALLE,Valle del Cauca
791,31082,PRADERA,32,VALLE,Valle del Cauca
856,31085,RESTREPO,32,VALLE,Valle del Cauca
865,31088,RIOFRIO,32,VALLE,Valle del Cauca
875,31091,ROLDANILLO,32,VALLE,Valle del Cauca
971,31094,SAN PEDRO,32,VALLE,Valle del Cauca
1021,31097,SEVILLA,32,VALLE,Valle del Cauca
1125,31100,TORO,32,VALLE,Valle del Cauca
1130,31103,TRUJILLO,32,VALLE,Valle del Cauca
1133,31106,TULUA,32,VALLE,Valle del Cauca
1148,31109,ULLOA,32,VALLE,Valle del Cauca
1177,31112,VERSALLES,32,VALLE,Valle del Cauca
1182,31115,VIJES,32,VALLE,Valle del Cauca
1213,31118,YOTOCO,32,VALLE,Valle del Cauca
1214,31121,YUMBO,32,VALLE,Valle del Cauca
1219,31124,ZARZAL,32,VALLE,Valle del Cauca
174,68013,BUENOS AIRES (PACOA),33,VAUPES,Amazonía
228,68004,CARURU,33,VAUPES,Amazonía
652,68001,MITU,33,VAUPES,Amazonía
671,68010,MORICHAL (PAPUNAGUA),33,VAUPES,Amazonía
1084,68017,TARAIRA,33,VAUPES,Amazonía
1209,68022,YAVARATE,33,VAUPES,Amazonía
324,72006,CUMARIBO,34,VICHADA,Llanos petroleros
565,72008,LA PRIMAVERA,34,VICHADA,Llanos petroleros
808,72001,PUERTO CARREÑO,34,VICHADA,Llanos petroleros
1002,72002,SANTA ROSALIA,34,VICHADA,Llanos petroleros
