codigo_interno,nombre_municipio,departamento_nombre,cluster,censo,validos,no_votantes,blanco,no_marcados,votos_cepeda,pct_cepeda,votos_espriella,pct_espriella,votos_dignidad,brecha_vs_espriella,margen_pct
31001,CALI,VALLE,Valle del Cauca,1839148,1053010,786138,20282,1321,541270,51.4,371718,35.3,45989,-169552,16.1
16001,BOGOTA. D.C.,BOGOTA D.C.,Bogotá centro/occidente,6076599,4094508,1982091,70144,2297,1706249,41.67,1543517,37.69,258410,-162732,3.980000000000004
05001,CARTAGENA,BOLIVAR,Caribe + Magdalena Medio,866447,418110,448337,7905,545,239504,57.28,142674,34.12,11612,-96830,23.160000000000004
23001,PASTO,NARIÑO,Sur andino Nariño,315437,213368,102069,3508,287,140876,66.02,49473,23.18,6816,-91403,42.839999999999996
15247,SOACHA,CUNDINAMARCA,Bogotá región,362686,255080,107606,5239,222,139603,54.72,72682,28.49,10616,-66921,26.23
31019,BUENAVENTURA,VALLE,Pacífico afro,233201,89716,143485,1233,241,72065,80.32,10788,12.02,852,-61277,68.3
11001,POPAYAN,CAUCA,Pacífico indígena/campesino,269520,184022,85498,3522,356,104468,56.76,49238,26.75,6763,-55230,30.009999999999998
03052,SOLEDAD,ATLANTICO,Caribe norte,343745,168549,175196,2059,203,104590,62.05,54568,32.37,3265,-50022,29.68
31079,PALMIRA,VALLE,Valle del Cauca,289345,163830,125515,3436,271,90115,55.0,52511,32.05,6511,-37604,22.950000000000003
23139,TUMACO,NARIÑO,Pacífico afro,143672,54029,89643,922,214,41118,76.1,7153,13.23,480,-33965,62.86999999999999
21001,SANTA MARTA,MAGDALENA,Caribe norte,408863,215262,193601,3898,251,112812,52.4,79356,36.86,5749,-33456,15.54
27019,BARRANCABERMEJA,SANTANDER,Magdalena Medio,188674,119407,69267,2205,183,69511,58.21,38355,32.12,2927,-31156,26.090000000000003
31121,YUMBO,VALLE,Valle del Cauca,112799,65405,47394,1035,105,44723,68.37,14169,21.66,1531,-30554,46.71000000000001
28001,SINCELEJO,SUCRE,Caribe + Magdalena Medio,221269,125329,95940,1888,266,71183,56.79,45664,36.43,2258,-25519,20.36
31031,CANDELARIA,VALLE,Valle del Cauca,89247,54085,35162,1127,96,36468,67.42,11821,21.85,1307,-24647,45.57
11076,SANTANDER DE QUILICHAO,CAUCA,Pacífico indígena/campesino,87246,55584,31662,1328,201,36828,66.25,12819,23.06,1147,-24009,43.19
17001,QUIBDO,CHOCO,Pacífico afro,88487,40138,48349,789,150,29900,74.49,5914,14.73,459,-23986,59.75999999999999
23067,IPIALES,NARIÑO,Sur andino Nariño,105954,56243,49711,1015,206,35198,62.58,14914,26.51,1572,-20284,36.06999999999999
31064,JAMUNDI,VALLE,Valle del Cauca,132159,80922,51237,1807,199,45076,55.7,25922,32.03,2832,-19154,23.67
03022,MALAMBO,ATLANTICO,Caribe norte,94794,43119,51675,445,68,29475,68.35,11621,26.95,546,-17854,41.39999999999999
13001,MONTERIA,CORDOBA,Caribe + Magdalena Medio,374004,207008,166996,3075,314,104497,50.47,87885,42.45,4080,-16612,8.019999999999996
31055,FLORIDA,VALLE,Valle del Cauca,54892,31380,23512,475,51,22399,71.37,6025,19.2,649,-16374,52.17
31022,BUGA,VALLE,Valle del Cauca,109762,64729,45033,1188,96,36630,56.58,20612,31.84,2508,-16018,24.74
01035,APARTADO,ANTIOQUIA,Urabá,109813,54380,55433,1389,133,32102,59.03,16661,30.63,1385,-15441,28.400000000000002
11064,PUERTO TEJADA,CAUCA,Pacífico indígena/campesino,35830,21576,14254,358,64,17750,82.26,2387,11.06,241,-15363,71.2
13025,MONTELIBANO,CORDOBA,Caribe + Magdalena Medio,63005,31776,31229,522,57,22618,71.17,7546,23.74,312,-15072,47.43000000000001
11094,TORIBIO,CAUCA,Pacífico indígena/campesino,21550,15554,5996,178,73,14215,91.39,759,4.87,47,-13456,86.52
31049,EL CERRITO,VALLE,Valle del Cauca,56109,31177,24932,500,51,20795,66.69,7562,24.25,678,-13233,42.44
01280,TURBO,ANTIOQUIA,Urabá,99961,43958,56003,1113,162,26437,60.14,13435,30.56,554,-13002,29.580000000000002
64002,PUERTO ASIS,PUTUMAYO,Amazonía,53588,26197,27391,837,131,18004,68.72,5145,19.63,501,-12859,49.09
13013,CIENAGA DE ORO,CORDOBA,Caribe + Magdalena Medio,48770,26400,22370,277,74,18890,71.55,6537,24.76,195,-12353,46.78999999999999
23142,TUQUERRES,NARIÑO,Sur andino Nariño,36133,20286,15847,362,82,15394,75.88,3078,15.17,276,-12316,60.709999999999994
05028,MAGANGUE,BOLIVAR,Caribe + Magdalena Medio,104516,45395,59121,539,117,27393,60.34,15168,33.41,468,-12225,26.930000000000007
11007,BOLIVAR,CAUCA,Pacífico indígena/campesino,29820,17799,12021,494,163,14031,78.83,1848,10.38,69,-12183,68.45
11016,CALDONO,CAUCA,Pacífico indígena/campesino,26334,17127,9207,301,105,13997,81.72,1831,10.69,120,-12166,71.03
21016,CIENAGA,MAGDALENA,Caribe norte,94405,43313,51092,789,70,25967,59.95,14136,32.63,583,-11831,27.32
13010,CERETE,CORDOBA,Caribe + Magdalena Medio,79044,44476,34568,689,89,26771,60.19,14984,33.69,618,-11787,26.5
64001,MOCOA,PUTUMAYO,Amazonía,43380,25001,18379,406,37,17187,68.74,5426,21.7,493,-11761,47.03999999999999
03046,SABANALARGA,ATLANTICO,Caribe norte,76674,39061,37613,393,77,24095,61.68,12642,32.36,491,-11453,29.32
31082,PRADERA,VALLE,Valle del Cauca,42523,23144,19379,430,60,16082,69.48,4855,20.97,494,-11227,48.510000000000005
11025,EL TAMBO,CAUCA,Pacífico indígena/campesino,40574,27492,13082,1331,549,16637,60.51,5627,20.46,371,-11010,40.05
11005,ARGELIA,CAUCA,Pacífico indígena/campesino,22907,15791,7116,762,111,12563,79.55,1575,9.97,119,-10988,69.58
64023,ORITO,PUTUMAYO,Amazonía,31867,15852,16015,223,57,12783,80.63,1925,12.14,215,-10858,68.49
48001,RIOHACHA,LA GUAJIRA,Caribe norte,156388,69900,86488,1277,162,37453,53.58,26917,38.5,1172,-10536,15.079999999999998
05007,ARJONA,BOLIVAR,Caribe + Magdalena Medio,59799,26981,32818,472,97,17814,66.02,7380,27.35,366,-10434,38.669999999999995
64028,VALLE DEL GUAMUEZ (LA HORMIGA),PUTUMAYO,Amazonía,30448,15068,15380,322,63,12120,80.43,1768,11.73,190,-10352,68.7
13022,LORICA,CORDOBA,Caribe + Magdalena Medio,93485,44707,48778,554,79,26216,58.63,15938,35.64,385,-10278,22.990000000000002
21095,ZONA BANANERA (SEVILLA),MAGDALENA,Caribe norte,51263,20309,30954,311,73,14635,72.06,4436,21.84,151,-10199,50.22
23037,CUMBAL,NARIÑO,Sur andino Nariño,26589,16111,10478,255,78,12532,77.78,2485,15.42,147,-10047,62.36
05118,TURBACO,BOLIVAR,Caribe + Magdalena Medio,77424,37755,39669,693,72,22333,59.15,12311,32.6,932,-10022,26.549999999999997
15340,ZIPAQUIRA,CUNDINAMARCA,Bogotá región,113388,83769,29619,1781,73,39011,46.56,29209,34.86,4983,-9802,11.700000000000003
15076,FACATATIVA,CUNDINAMARCA,Bogotá región,104308,72672,31636,1623,81,34701,47.75,24970,34.35,3592,-9731,13.399999999999999
11058,PATIA (EL BORDO),CAUCA,Pacífico indígena/campesino,28400,19132,9268,789,245,12952,67.69,3450,18.03,214,-9502,49.66
11006,BALBOA,CAUCA,Pacífico indígena/campesino,17796,13864,3932,537,145,10892,78.56,1470,10.6,121,-9422,67.96000000000001
11055,PAEZ (BELALCAZAR),CAUCA,Pacífico indígena/campesino,22832,13137,9695,184,61,10711,81.53,1527,11.62,57,-9184,69.91
11019,CALOTO,CAUCA,Pacífico indígena/campesino,21544,14717,6827,260,48,11285,76.68,2194,14.9,170,-9091,61.78000000000001
03001,BARRANQUILLA,ATLANTICO,Caribe norte,1186097,598064,588033,7248,889,281123,47.0,272331,45.53,20320,-8792,1.4699999999999989
28220,SAN ONOFRE,SUCRE,Caribe + Magdalena Medio,47066,18226,28840,198,116,12645,69.37,3925,21.53,97,-8720,47.84
11049,MIRANDA,CAUCA,Pacífico indígena/campesino,22203,14805,7398,256,36,11184,75.54,2523,17.04,220,-8661,58.50000000000001
23115,SAMANIEGO,NARIÑO,Sur andino Nariño,22785,13058,9727,220,40,10468,80.16,1870,14.32,129,-8598,65.84
03004,BARANOA,ATLANTICO,Caribe norte,53101,29255,23846,363,51,17979,61.45,9686,33.1,462,-8293,28.35
11022,CORINTO,CAUCA,Pacífico indígena/campesino,19614,12983,6631,272,50,10040,77.33,1927,14.84,117,-8113,62.489999999999995
03013,GALAPA,ATLANTICO,Caribe norte,46368,22189,24179,252,36,14528,65.47,6432,28.98,421,-8096,36.489999999999995
31061,GUACARI,VALLE,Valle del Cauca,30395,17574,12821,286,21,11944,67.96,3866,21.99,360,-8078,45.97
13058,TIERRALTA,CORDOBA,Caribe + Magdalena Medio,72667,28420,44247,455,87,17296,60.85,9331,32.83,237,-7965,28.020000000000003
11082,SILVIA,CAUCA,Pacífico indígena/campesino,24598,13219,11379,362,106,9739,73.67,2033,15.37,161,-7706,58.300000000000004
13037,SAHAGUN,CORDOBA,Caribe + Magdalena Medio,85106,45057,40049,530,88,25022,55.53,17443,38.71,430,-7579,16.82
11098,VILLA RICA,CAUCA,Pacífico indígena/campesino,15869,10024,5845,154,25,8512,84.91,939,9.36,68,-7573,75.55
11034,JAMBALO,CAUCA,Pacífico indígena/campesino,10320,8010,2310,64,52,7658,95.6,190,2.37,7,-7468,93.22999999999999
28300,TOLU,SUCRE,Caribe + Magdalena Medio,26275,13801,12474,177,33,10148,73.53,2946,21.34,91,-7202,52.19
07001,TUNJA,BOYACA,Boyacá-Cundi rural,142355,102433,39922,1866,78,44172,43.12,37018,36.13,7867,-7154,6.989999999999995
15160,MADRID,CUNDINAMARCA,Bogotá región,93544,68075,25469,1491,78,31763,46.65,24614,36.15,3549,-7149,10.5
15292,TOCANCIPA,CUNDINAMARCA,Bogotá región,43119,32953,10166,693,27,16891,51.25,9762,29.62,1770,-7129,21.63
31124,ZARZAL,VALLE,Valle del Cauca,40013,22316,17697,336,37,13457,60.3,6356,28.48,570,-7101,31.819999999999997
11029,GUACHENE,CAUCA,Pacífico indígena/campesino,14749,9841,4908,207,47,7861,79.88,1082,10.99,68,-6779,68.89
11031,INZA,CAUCA,Pacífico indígena/campesino,19391,11172,8219,163,66,8483,75.93,1714,15.34,78,-6769,60.59
13032,PUERTO LIBERTADOR,CORDOBA,Caribe + Magdalena Medio,32704,15047,17657,281,48,10511,69.85,3746,24.89,159,-6765,44.959999999999994
28160,SAMPUES,SUCRE,Caribe + Magdalena Medio,36533,20014,16519,285,69,12495,62.43,6100,30.47,153,-6395,31.96
11028,GUAPI,CAUCA,Pacífico afro,19226,7381,11845,60,11,6723,91.08,343,4.64,31,-6380,86.44
11091,TIMBIQUI,CAUCA,Pacífico afro,15903,7025,8878,28,7,6622,94.26,243,3.45,11,-6379,90.81
28040,COROZAL,SUCRE,Caribe + Magdalena Medio,50627,30942,19685,327,51,17816,57.57,11441,36.97,459,-6375,20.6
11004,ALMAGUER,CAUCA,Pacífico indígena/campesino,12877,7521,5356,109,68,6708,89.19,434,5.77,23,-6274,83.42
13040,SAN ANDRES DE SOTAVENTO,CORDOBA,Caribe + Magdalena Medio,32490,16905,15585,164,70,10960,64.83,4800,28.39,87,-6160,36.44
05040,MARIA LA BAJA,BOLIVAR,Caribe + Magdalena Medio,45030,16323,28707,204,58,10552,64.64,4495,27.53,143,-6057,37.11
11097,TOTORO,CAUCA,Pacífico indígena/campesino,13402,8069,5333,150,34,6753,83.69,813,10.07,40,-5940,73.62
23098,POLICARPA,NARIÑO,Sur andino Nariño,12814,8527,4287,404,91,6712,78.71,929,10.89,56,-5783,67.82
23133,TAMINANGO,NARIÑO,Sur andino Nariño,13880,8814,5066,157,26,7045,79.92,1302,14.77,48,-5743,65.15
11052,MORALES,CAUCA,Pacífico indígena/campesino,23285,14538,8747,497,137,9075,62.42,3359,23.1,151,-5716,39.32
23041,EL CHARCO,NARIÑO,Pacífico afro,17849,7383,10466,117,69,6318,85.57,621,8.41,34,-5697,77.16
11040,LA VEGA,CAUCA,Pacífico indígena/campesino,14985,8518,6467,117,49,6728,78.98,1046,12.27,31,-5682,66.71000000000001
23095,OLAYA HERRERA,NARIÑO,Pacífico afro,16429,6785,9644,75,19,6006,88.51,451,6.64,33,-5555,81.87
11088,TIMBIO,CAUCA,Pacífico indígena/campesino,28850,18702,10148,456,78,10696,57.19,5200,27.8,331,-5496,29.389999999999997
01080,CAREPA,ANTIOQUIA,Urabá,49440,22103,27337,582,87,12538,56.72,7089,32.07,502,-5449,24.65
23052,GUACHUCAL,NARIÑO,Sur andino Nariño,14894,9787,5107,156,35,7263,74.21,1879,19.19,116,-5384,55.019999999999996
12415,EL PASO,CESAR,Caribe norte,29903,16047,13856,223,37,10256,63.91,4907,30.57,107,-5349,33.339999999999996
23016,BARBACOAS,NARIÑO,Sur andino Nariño,24240,7919,16321,172,44,6204,78.34,873,11.02,60,-5331,67.32000000000001
28055,LOS PALMITOS,SUCRE,Caribe + Magdalena Medio,20200,11802,8398,91,26,8203,69.5,3040,25.75,69,-5163,43.75
12001,VALLEDUPAR,CESAR,Caribe norte,348470,188358,160112,3033,221,89773,47.66,84650,44.94,4237,-5123,2.719999999999999
64018,SAN MIGUEL (LA DORADA),PUTUMAYO,Amazonía,15922,7211,8711,193,29,5752,79.76,698,9.67,109,-5054,70.09
17019,ISTMINA,CHOCO,Pacífico afro,24332,8367,15965,217,44,6263,74.85,1230,14.7,88,-5033,60.14999999999999
11046,MERCADERES,CAUCA,Pacífico indígena/campesino,13969,8153,5816,246,92,6154,75.48,1206,14.79,46,-4948,60.690000000000005
11013,CAJIBIO,CAUCA,Pacífico indígena/campesino,26783,14475,12308,575,239,8348,57.67,3440,23.76,157,-4908,33.91
72006,CUMARIBO,VICHADA,Llanos petroleros,25298,7756,17542,72,45,6066,78.21,1230,15.85,44,-4836,62.35999999999999
01106,CHIGORODO,ANTIOQUIA,Urabá,53621,24344,29277,637,101,13171,54.1,8393,34.47,614,-4778,19.630000000000003
48010,MAICAO,LA GUAJIRA,Caribe norte,141996,49978,92018,836,115,25692,51.4,20966,41.95,599,-4726,9.449999999999996
23124,SAN PABLO,NARIÑO,Sur andino Nariño,11899,7037,4862,132,37,5664,80.48,955,13.57,61,-4709,66.91
48004,BARRANCAS,LA GUAJIRA,Caribe norte,27356,12190,15166,120,9,8124,66.64,3419,28.04,110,-4705,38.6
48002,ALBANIA,LA GUAJIRA,Caribe norte,22201,9887,12314,118,34,7040,71.2,2387,24.14,75,-4653,47.06
13060,TUCHIN,CORDOBA,Caribe + Magdalena Medio,28195,13883,14312,150,94,8706,62.7,4055,29.2,78,-4651,33.5
13046,SAN BERNARDO DEL VIENTO,CORDOBA,Caribe + Magdalena Medio,28983,12747,16236,152,38,8369,65.65,3764,29.52,57,-4605,36.13000000000001
17006,ALTO BAUDO (PIE DE PATO),CHOCO,Pacífico afro,12001,4964,7037,7,13,4717,95.02,146,2.94,9,-4571,92.08
48007,FONSECA,LA GUAJIRA,Caribe norte,32395,15065,17330,215,20,9393,62.34,4835,32.09,173,-4558,30.25
48016,URIBIA,LA GUAJIRA,Caribe norte,131218,22269,108949,295,172,12551,56.36,8026,36.04,148,-4525,20.32
01088,CAUCASIA,ANTIOQUIA,Antioquia rural uribista,77720,37015,40705,972,140,18877,50.99,14390,38.87,771,-4487,12.120000000000005
31025,BUGALAGRANDE,VALLE,Valle del Cauca,20937,11935,9002,177,30,7580,63.51,3123,26.16,252,-4457,37.349999999999994
64030,VILLAGARZON,PUTUMAYO,Amazonía,21204,10845,10359,234,34,7115,65.6,2719,25.07,160,-4396,40.529999999999994
28200,SAN MARCOS,SUCRE,Caribe + Magdalena Medio,48063,22019,26044,294,63,12422,56.41,8058,36.59,159,-4364,19.819999999999993
68001,MITU,VAUPES,Amazonía,19993,7450,12543,121,23,5531,74.24,1206,16.18,121,-4325,58.059999999999995
23118,SANDONA,NARIÑO,Sur andino Nariño,17371,10364,7007,179,31,6899,66.56,2596,25.04,202,-4303,41.52
23031,CORDOBA,NARIÑO,Sur andino Nariño,11429,6523,4906,123,23,5158,79.07,887,13.59,48,-4271,65.47999999999999
17034,RIOSUCIO,CHOCO,Pacífico afro,14222,5845,8377,57,16,4914,84.07,655,11.2,34,-4259,72.86999999999999
23112,ROBERTO PAYAN (SAN JOSE),NARIÑO,Sur andino Nariño,10139,4562,5577,29,4,4325,94.8,113,2.47,11,-4212,92.33
12150,AGUSTIN CODAZZI,CESAR,Caribe norte,54027,25097,28930,304,61,13803,54.99,9641,38.41,366,-4162,16.580000000000005
17038,EL LITORAL DEL SAN JUAN,CHOCO,Pacífico afro,9194,4328,4866,16,6,4179,96.55,95,2.19,6,-4084,94.36
11043,LOPEZ (MICAY),CAUCA,Pacífico indígena/campesino,13722,4775,8947,70,27,4297,89.98,254,5.31,11,-4043,84.67
48011,MANAURE,LA GUAJIRA,Caribe norte,63985,13180,50805,165,74,7997,60.67,3967,30.09,104,-4030,30.580000000000002
11061,PIENDAMO,CAUCA,Pacífico indígena/campesino,32375,18644,13731,536,101,9752,52.3,5760,30.89,434,-3992,21.409999999999997
05121,TURBANA,BOLIVAR,Caribe + Magdalena Medio,17065,8482,8583,109,25,5995,70.67,2028,23.9,92,-3967,46.77
21030,EL RETEN,MAGDALENA,Caribe norte,16758,6874,9884,95,26,5223,75.98,1257,18.28,42,-3966,57.7
23055,GUAITARILLA,NARIÑO,Sur andino Nariño,11112,6238,4874,73,10,4863,77.95,906,14.52,60,-3957,63.43000000000001
52074,URIBE,META,Llanos petroleros,7620,4962,2658,68,20,4282,86.29,442,8.9,36,-3840,77.39
23109,RICAURTE,NARIÑO,Sur andino Nariño,18749,6821,11928,74,49,5048,74.0,1241,18.19,51,-3807,55.81
23038,CHACHAGUI,NARIÑO,Sur andino Nariño,11645,7929,3716,118,24,5575,70.31,1807,22.78,89,-3768,47.53
13028,PLANETA RICA,CORDOBA,Caribe + Magdalena Medio,57122,26892,30230,373,283,14570,54.17,10808,40.19,337,-3762,13.980000000000004
23039,CUMBITARA,NARIÑO,Sur andino Nariño,7738,4986,2752,246,46,4107,82.37,378,7.58,49,-3729,74.79
11087,SUAREZ,CAUCA,Pacífico indígena/campesino,19081,10588,8493,468,115,6341,59.88,2638,24.91,140,-3703,34.97
03049,SANTO TOMAS,ATLANTICO,Caribe norte,27540,14141,13399,159,19,8522,60.26,4822,34.09,242,-3700,26.169999999999995
21010,ARACATACA,MAGDALENA,Caribe norte,30598,12389,18209,207,39,7645,61.7,3955,31.92,105,-3690,29.78
28100,OVEJAS,SUCRE,Caribe + Magdalena Medio,23345,12428,10917,104,49,7680,61.79,4075,32.78,79,-3605,29.009999999999998
03028,PALMAR DE VARELA,ATLANTICO,Caribe norte,23661,12232,11429,117,37,7637,62.43,4074,33.3,147,-3563,29.130000000000003
64019,SIBUNDOY,PUTUMAYO,Amazonía,11358,7196,4162,131,20,5006,69.56,1467,20.38,123,-3539,49.18000000000001
05094,SANTA ROSA,BOLIVAR,Caribe + Magdalena Medio,17564,7133,10431,113,12,5107,71.59,1575,22.08,67,-3532,49.510000000000005
12608,LA JAGUA DE IBIRICO,CESAR,Caribe norte,32766,16517,16249,292,33,9472,57.34,5998,36.31,215,-3474,21.03
13007,BUENAVISTA,CORDOBA,Caribe + Magdalena Medio,19373,9028,10345,117,41,6031,66.8,2602,28.82,76,-3429,37.98
03034,POLONUEVO,ATLANTICO,Caribe norte,15174,8239,6935,66,23,5660,68.69,2281,27.68,79,-3379,41.01
25036,EL TARRA,NORTE DE SAN,Catatumbo / Frontera,16333,6398,9935,157,28,4640,72.52,1275,19.92,89,-3365,52.599999999999994
03043,SABANAGRANDE,ATLANTICO,Caribe norte,26426,13436,12990,200,28,7952,59.18,4633,34.48,251,-3319,24.700000000000003
23080,LEIVA,NARIÑO,Sur andino Nariño,8933,5910,3023,232,41,4283,72.47,966,16.34,72,-3317,56.129999999999995
25091,TEORAMA,NORTE DE SAN,Catatumbo / Frontera,12243,5355,6888,129,17,4117,76.88,905,16.9,53,-3212,59.98
23073,LA CRUZ,NARIÑO,Sur andino Nariño,14057,8535,5522,189,29,5416,63.45,2226,26.08,98,-3190,37.370000000000005
48009,HATONUEVO,LA GUAJIRA,Caribe norte,16408,7214,9194,87,20,5031,69.73,1844,25.56,65,-3187,44.17
11010,BUENOS AIRES,CAUCA,Pacífico indígena/campesino,18493,11033,7460,575,244,6162,55.85,2982,27.02,146,-3180,28.830000000000002
88120,ALEMANIA,CONSULADOS,Exterior (consulados),20898,11994,8904,133,0,5649,47.09,2500,20.84,1843,-3149,26.250000000000004
17010,BAJO BAUDO (PIZARRO),CHOCO,Pacífico afro,12460,3968,8492,32,17,3409,85.91,263,6.62,20,-3146,79.28999999999999
12410,EL COPEY,CESAR,Caribe norte,26182,12154,14028,176,48,7212,59.33,4103,33.75,88,-3109,25.58
88380,FRANCIA,CONSULADOS,Exterior (consulados),26881,14259,12622,156,1,6699,46.98,3607,25.29,1690,-3092,21.689999999999998
23040,EL ROSARIO,NARIÑO,Sur andino Nariño,7149,4383,2766,142,34,3564,81.31,475,10.83,19,-3089,70.48
60001,LETICIA,AMAZONAS,Amazonía,45224,20715,24509,401,73,10415,50.27,7328,35.37,476,-3087,14.900000000000006
11086,SUCRE,CAUCA,Pacífico indígena/campesino,5914,3884,2030,96,49,3332,85.78,251,6.46,24,-3081,79.32000000000001
27169,PUERTO WILCHES,SANTANDER,Santanderes rurales,26439,15252,11187,219,38,8480,55.59,5445,35.7,127,-3035,19.89
21049,PIVIJAY,MAGDALENA,Caribe norte,31109,13080,18029,162,55,7442,56.89,4439,33.93,87,-3003,22.96
28320,TOLUVIEJO,SUCRE,Caribe + Magdalena Medio,21678,11717,9961,137,32,7028,59.98,4034,34.42,86,-2994,25.559999999999995
17026,MEDIO BAUDO (PUERTO MELUK),CHOCO,Pacífico afro,9801,3491,6310,24,6,3138,89.88,158,4.52,9,-2980,85.36
21052,PLATO,MAGDALENA,Caribe norte,44068,19537,24531,203,60,10745,54.99,7773,39.78,79,-2972,15.21
17015,CARMEN DEL DARIEN,CHOCO,Pacífico afro,10290,4157,6133,55,15,3436,82.65,478,11.49,19,-2958,71.16000000000001
23145,YACUANQUER,NARIÑO,Sur andino Nariño,9162,5891,3271,96,28,4194,71.19,1236,20.98,73,-2958,50.209999999999994
17043,TADO,CHOCO,Pacífico afro,14631,5221,9410,130,51,3771,72.22,839,16.06,22,-2932,56.16
03037,PUERTO COLOMBIA,ATLANTICO,Caribe norte,39762,21561,18201,199,17,11515,53.4,8590,39.84,584,-2925,13.559999999999995
23088,MAGUI (PAYAN),NARIÑO,Sur andino Nariño,7444,3199,4245,22,5,3005,93.93,92,2.87,18,-2913,91.06
11067,PURACE (COCONUCO),CAUCA,Pacífico indígena/campesino,10038,5846,4192,88,31,4123,70.52,1212,20.73,41,-2911,49.78999999999999
01259,SEGOVIA,ANTIOQUIA,Antioquia rural uribista,33611,11981,21630,531,53,6457,53.89,3588,29.94,445,-2869,23.95
05127,ZAMBRANO,BOLIVAR,Caribe + Magdalena Medio,10102,5021,5081,25,12,3889,77.45,1030,20.51,17,-2859,56.94
48005,DIBULLA,LA GUAJIRA,Caribe norte,24486,8789,15697,124,42,5527,62.88,2752,31.31,71,-2775,31.570000000000004
13020,LA APARTADA (FRONTERA),CORDOBA,Caribe + Magdalena Medio,13069,6040,7029,89,26,4263,70.57,1489,24.65,40,-2774,45.919999999999995
23076,LA FLORIDA,NARIÑO,Sur andino Nariño,9601,5967,3634,73,16,4156,69.64,1386,23.22,68,-2770,46.42
23127,SANTACRUZ (GUACHAVES),NARIÑO,Sur andino Nariño,8101,3907,4194,75,30,3204,82.0,446,11.41,48,-2758,70.59
23094,MOSQUERA,NARIÑO,Pacífico afro,7234,2981,4253,11,2,2831,94.96,80,2.68,8,-2751,92.27999999999999
40010,ARAUQUITA,ARAUCA,Llanos petroleros,36419,14270,22149,485,83,7671,53.75,4931,34.55,198,-2740,19.200000000000003
05091,SANTA CATALINA,BOLIVAR,Caribe + Magdalena Medio,14327,5595,8732,70,20,4011,71.68,1288,23.02,48,-2723,48.66000000000001
64026,PUERTO CAICEDO,PUTUMAYO,Amazonía,10806,4806,6000,123,24,3513,73.09,795,16.54,79,-2718,56.550000000000004
17013,CONDOTO,CHOCO,Pacífico afro,11346,4116,7230,87,19,3216,78.13,515,12.51,31,-2701,65.61999999999999
12200,BOSCONIA,CESAR,Caribe norte,33616,16232,17384,196,172,9008,55.49,6307,38.85,174,-2701,16.64
17011,BOJAYA (BELLAVISTA),CHOCO,Pacífico afro,8977,3149,5828,21,6,2854,90.63,153,4.85,9,-2701,85.78
05106,SOPLAVIENTO,BOLIVAR,Caribe + Magdalena Medio,8956,4778,4178,45,10,3669,76.78,969,20.28,22,-2700,56.5
23082,LINARES,NARIÑO,Sur andino Nariño,8420,4827,3593,93,28,3594,74.45,914,18.93,55,-2680,55.52
24078,QUINCHIA,RISARALDA,Eje cafetero,21596,11360,10236,335,134,5952,52.39,3278,28.85,305,-2674,23.54
23136,TANGUA,NARIÑO,Sur andino Nariño,10318,5862,4456,77,11,4032,68.78,1371,23.38,81,-2661,45.400000000000006
44003,CARTAGENA DEL CHAIRA,CAQUETA,Sur Tolima-Huila-Caquetá,24852,12795,12057,747,191,6593,51.52,3953,30.89,259,-2640,20.630000000000003
28080,MORROA,SUCRE,Caribe + Magdalena Medio,15756,9017,6739,87,18,5547,61.51,2914,32.31,86,-2633,29.199999999999996
15088,FUNZA,CUNDINAMARCA,Bogotá región,81479,58361,23118,1301,48,25293,43.33,22662,38.83,3348,-2631,4.5
23047,FRANCISCO PIZARRO (SALAHONDA),NARIÑO,Sur andino Nariño,7051,3066,3985,28,15,2781,90.7,154,5.02,8,-2627,85.68
21008,ALGARROBO,MAGDALENA,Caribe norte,11156,4913,6243,63,16,3585,72.96,978,19.9,33,-2607,53.059999999999995
28120,PALMITO,SUCRE,Caribe + Magdalena Medio,13448,7579,5869,87,31,4828,63.7,2262,29.84,33,-2566,33.86
25076,SAN CALIXTO,NORTE DE SAN,Catatumbo / Frontera,8620,3588,5032,55,9,2998,83.55,441,12.29,28,-2557,71.25999999999999
23010,ANCUYA,NARIÑO,Sur andino Nariño,7091,3846,3245,48,16,3033,78.86,526,13.67,24,-2507,65.19
17027,MEDIO SAN JUAN,CHOCO,Pacífico afro,7862,3204,4658,47,23,2728,85.14,239,7.45,21,-2489,77.69
13052,SAN JOSE DE URE,CORDOBA,Caribe + Magdalena Medio,8719,4165,4554,59,9,3228,77.5,740,17.76,19,-2488,59.739999999999995
23085,LOS ANDES (SOTOMAYOR),NARIÑO,Sur andino Nariño,8065,5281,2784,203,35,3502,66.31,1072,20.29,117,-2430,46.02
11053,PADILLA,CAUCA,Pacífico indígena/campesino,7325,4091,3234,92,28,3114,76.11,685,16.74,35,-2429,59.370000000000005
11073,SAN SEBASTIAN,CAUCA,Pacífico indígena/campesino,7048,3897,3151,70,43,2970,76.21,542,13.9,8,-2428,62.309999999999995
29073,LIBANO,TOLIMA,Sur Tolima-Huila-Caquetá,34080,17897,16183,340,56,8501,47.49,6087,34.01,418,-2414,13.480000000000004
64025,PUERTO GUZMAN,PUTUMAYO,Amazonía,12863,5297,7566,174,31,3573,67.45,1159,21.88,47,-2414,45.57000000000001
21055,PUEBLOVIEJO,MAGDALENA,Caribe norte,22817,8104,14713,113,36,4940,60.95,2532,31.24,39,-2408,29.710000000000004
13055,SAN PELAYO,CORDOBA,Caribe + Magdalena Medio,38845,20610,18235,225,31,11037,53.55,8642,41.93,162,-2395,11.619999999999997
12375,CHIRIGUANA,CESAR,Caribe norte,25033,11396,13637,136,22,6579,57.73,4190,36.76,77,-2389,20.97
31007,ANDALUCIA,VALLE,Valle del Cauca,19976,10811,9165,177,22,5969,55.21,3604,33.33,305,-2365,21.880000000000003
23125,SANTA BARBARA (ISCUANDE),NARIÑO,Sur andino Nariño,8060,2952,5108,39,3,2558,86.65,204,6.91,6,-2354,79.74000000000001
17002,ATRATO (YUTO),CHOCO,Pacífico afro,8536,3688,4848,55,11,2881,78.11,543,14.72,29,-2338,63.39
23101,PROVIDENCIA,NARIÑO,Sur andino Nariño,5140,2967,2173,36,9,2578,86.88,243,8.19,21,-2335,78.69
28020,CAIMITO,SUCRE,Caribe + Magdalena Medio,10513,5680,4833,60,18,3843,67.65,1518,26.72,28,-2325,40.93000000000001
88355,ESPAÑA,CONSULADOS,Exterior (consulados),307996,127207,180789,1455,46,54162,42.57,51858,40.76,6053,-2304,1.8100000000000023
23034,CUASPUD (CARLOSAMA),NARIÑO,Sur andino Nariño,8200,4548,3652,87,39,3250,71.45,951,20.91,54,-2299,50.540000000000006
23091,MALLAMA (PIEDRANCHA),NARIÑO,Sur andino Nariño,6530,3475,3055,81,20,2775,79.85,486,13.98,29,-2289,65.86999999999999
07166,NOBSA,BOYACA,Boyacá-Cundi rural,13741,10063,3678,162,4,5385,53.51,3101,30.81,454,-2284,22.7
17031,NUQUI,CHOCO,Pacífico afro,7175,3008,4167,22,9,2567,85.33,307,10.2,16,-2260,75.13
11085,SOTARA (PAISPAMBA),CAUCA,Pacífico indígena/campesino,7670,4692,2978,107,29,3136,66.83,891,18.98,51,-2245,47.849999999999994
40017,FORTUL,ARAUCA,Llanos petroleros,13973,6189,7784,183,41,3869,62.51,1628,26.3,88,-2241,36.209999999999994
31115,VIJES,VALLE,Valle del Cauca,11456,6415,5041,98,14,3828,59.67,1591,24.8,107,-2237,34.870000000000005
23121,SAN LORENZO,NARIÑO,Sur andino Nariño,13557,7999,5558,228,55,4428,55.35,2213,27.66,98,-2215,27.69
11037,LA SIERRA,CAUCA,Pacífico indígena/campesino,9228,5819,3409,170,64,3559,61.16,1436,24.67,59,-2123,36.489999999999995
64016,SANTIAGO,PUTUMAYO,Amazonía,6715,3655,3060,62,15,2767,75.7,646,17.67,34,-2121,58.03
17007,BAGADO,CHOCO,Pacífico afro,8439,2843,5596,23,6,2410,84.76,289,10.16,13,-2121,74.60000000000001
13009,CANALETE,CORDOBA,Caribe + Magdalena Medio,18464,8104,10360,68,30,4934,60.88,2822,34.82,54,-2112,26.060000000000002
12720,PUEBLO BELLO,CESAR,Caribe norte,23911,10224,13687,125,59,5910,57.8,3802,37.18,118,-2108,20.619999999999997
24070,PUEBLO RICO,RISARALDA,Eje cafetero,12208,5504,6704,65,46,3513,63.82,1410,25.61,48,-2103,38.21
23079,LA UNION,NARIÑO,Sur andino Nariño,24138,13522,10616,402,50,6754,49.94,4651,34.39,221,-2103,15.549999999999997
28042,EL ROBLE,SUCRE,Caribe + Magdalena Medio,10045,5621,4424,33,18,3729,66.34,1659,29.51,24,-2070,36.83
17008,BAHIA SOLANO (MUTIS),CHOCO,Pacífico afro,9023,3623,5400,42,14,2722,75.13,655,18.07,23,-2067,57.059999999999995
15169,MOSQUERA,CUNDINAMARCA,Bogotá región,99110,73855,25255,1540,48,31194,42.23,29147,39.46,4563,-2047,2.769999999999996
31037,DAGUA,VALLE,Valle del Cauca,38323,19279,19044,407,67,9228,47.86,7193,37.31,293,-2035,10.549999999999997
21079,SITIONUEVO,MAGDALENA,Caribe norte,21932,7452,14480,86,49,4427,59.4,2413,32.38,75,-2014,27.019999999999996
12180,BECERRIL,CESAR,Caribe norte,20407,9147,11260,149,13,5299,57.93,3328,36.38,89,-1971,21.549999999999997
31118,YOTOCO,VALLE,Valle del Cauca,15667,8325,7342,156,29,4636,55.68,2680,32.19,184,-1956,23.490000000000002
29034,COYAIMA,TOLIMA,Sur Tolima-Huila-Caquetá,18820,9864,8956,103,89,5245,53.17,3302,33.47,74,-1943,19.700000000000003
23103,PUERRES,NARIÑO,Sur andino Nariño,7775,4824,2951,57,8,3227,66.89,1293,26.8,62,-1934,40.09
23078,LA TOLA,NARIÑO,Pacífico afro,5890,2435,3455,18,4,2132,87.55,211,8.66,6,-1921,78.89
52041,LA MACARENA,META,Llanos petroleros,12044,7112,4932,311,62,4053,56.98,2132,29.97,81,-1921,27.009999999999998
28050,LA UNION,SUCRE,Caribe + Magdalena Medio,11216,5971,5245,77,17,3748,62.77,1847,30.93,32,-1901,31.840000000000003
23106,PUPIALES,NARIÑO,Sur andino Nariño,15639,9493,6146,180,27,5072,53.42,3181,33.5,191,-1891,19.92
23025,CONSACA,NARIÑO,Sur andino Nariño,9051,5519,3532,116,20,3385,61.33,1500,27.17,85,-1885,34.16
44010,SAN VICENTE DEL CAGUAN,CAQUETA,Sur Tolima-Huila-Caquetá,42016,23742,18274,996,196,11114,46.81,9241,38.92,370,-1873,7.890000000000001
17012,MEDIO ATRATO (BETE),CHOCO,Pacífico afro,7656,2423,5233,20,7,2070,85.43,226,9.32,13,-1844,76.11000000000001
11070,ROSAS,CAUCA,Pacífico indígena/campesino,8785,5375,3410,133,56,3203,59.59,1369,25.46,49,-1834,34.13
23061,ILES,NARIÑO,Sur andino Nariño,7583,3933,3650,60,22,2732,69.46,912,23.18,53,-1820,46.279999999999994
23043,EL TABLON,NARIÑO,Sur andino Nariño,12308,6579,5729,158,22,3836,58.3,2024,30.76,82,-1812,27.539999999999996
23022,COLON (GENOVA),NARIÑO,Sur andino Nariño,7150,3646,3504,143,28,2515,68.97,704,19.3,37,-1811,49.67
13014,COTORRA (BONGO),CORDOBA,Caribe + Magdalena Medio,16866,8968,7898,96,20,5000,55.75,3216,35.86,54,-1784,19.89
17082,NUEVO BELEN DE BAJIRA,CHOCO,Pacífico afro,12574,5123,7451,84,22,3224,62.93,1453,28.36,63,-1771,34.57
17035,RIO QUITO (PAIMADO),CHOCO,Pacífico afro,7564,3311,4253,40,8,2359,71.24,611,18.45,35,-1748,52.78999999999999
31106,TULUA,VALLE,Valle del Cauca,173667,98087,75580,1960,169,43107,43.94,41369,42.17,4064,-1738,1.769999999999996
31058,GINEBRA,VALLE,Valle del Cauca,19287,11030,8257,220,24,5636,51.09,3920,35.53,248,-1716,15.560000000000002
23064,IMUES,NARIÑO,Sur andino Nariño,6831,4014,2817,64,8,2642,65.81,993,24.73,59,-1649,41.08
17025,LLORO,CHOCO,Pacífico afro,9374,3224,6150,43,24,2279,70.68,643,19.94,29,-1636,50.74000000000001
88165,AUSTRALIA,CONSULADOS,Exterior (consulados),32121,20274,11847,296,0,8565,42.24,6933,34.19,2580,-1632,8.050000000000004
05018,CLEMENCIA,BOLIVAR,Caribe + Magdalena Medio,13214,5613,7601,90,24,3422,60.96,1831,32.62,41,-1591,28.340000000000003
23007,ALDANA,NARIÑO,Sur andino Nariño,6319,4136,2183,53,24,2718,65.71,1135,27.44,45,-1583,38.269999999999996
50001,INIRIDA,GUAINIA,Amazonía,27879,9524,18355,200,28,4926,51.72,3351,35.18,164,-1575,16.54
03061,USIACURI,ATLANTICO,Caribe norte,9110,4713,4397,51,23,2942,62.42,1391,29.51,76,-1551,32.91
23044,EL PEÑOL,NARIÑO,Sur andino Nariño,6011,3946,2065,95,9,2600,65.88,1055,26.73,51,-1545,39.14999999999999
01064,CACERES,ANTIOQUIA,Antioquia rural uribista,21081,6365,14716,152,37,3635,57.1,2099,32.97,68,-1536,24.130000000000003
23049,FUNES,NARIÑO,Sur andino Nariño,5987,3567,2420,38,9,2138,59.93,624,17.49,30,-1514,42.44
23046,EL TAMBO,NARIÑO,Sur andino Nariño,11957,7621,4336,159,37,4105,53.86,2594,34.03,121,-1511,19.83
24046,LA VIRGINIA,RISARALDA,Eje cafetero,34065,16860,17205,501,64,7601,45.08,6093,36.13,552,-1508,8.949999999999996
23130,SAPUYES,NARIÑO,Sur andino Nariño,5942,3567,2375,43,12,2382,66.77,876,24.55,34,-1506,42.22
28041,COVEÑAS,SUCRE,Caribe + Magdalena Medio,15615,8320,7295,152,17,4328,52.01,2834,34.06,60,-1494,17.949999999999996
03058,TUBARA,ATLANTICO,Caribe norte,10777,5979,4798,55,14,3576,59.8,2085,34.87,67,-1491,24.93
15100,GACHANCIPA,CUNDINAMARCA,Bogotá región,13081,9510,3571,261,20,4679,49.2,3201,33.65,398,-1478,15.550000000000004
29070,LERIDA,TOLIMA,Sur Tolima-Huila-Caquetá,15583,8490,7093,130,13,4377,51.55,2913,34.31,116,-1464,17.239999999999995
44007,LA MONTAÑITA,CAQUETA,Sur Tolima-Huila-Caquetá,12574,6151,6423,140,34,3482,56.6,2032,33.03,83,-1450,23.57
23100,POTOSI,NARIÑO,Sur andino Nariño,10132,5180,4952,68,17,3080,59.45,1630,31.46,62,-1450,27.990000000000002
29082,NATAGAIMA,TOLIMA,Sur Tolima-Huila-Caquetá,14847,7547,7300,87,28,3943,52.24,2524,33.44,44,-1419,18.800000000000004
01184,MURINDO,ANTIOQUIA,Urabá,3612,1620,1992,2,13,1491,92.03,73,4.5,9,-1418,87.53
11027,FLORENCIA,CAUCA,Pacífico indígena/campesino,5065,3309,1756,167,28,1989,60.1,585,17.67,25,-1404,42.43
01291,VIGIA DEL FUERTE,ANTIOQUIA,Urabá,6906,2192,4714,20,12,1663,75.86,266,12.13,58,-1397,63.73
05016,CORDOBA,BOLIVAR,Caribe + Magdalena Medio,15550,7269,8281,79,26,4175,57.43,2778,38.21,27,-1397,19.22
28180,SAN BENITO ABAD,SUCRE,Caribe + Magdalena Medio,21659,10610,11049,55,31,5766,54.34,4371,41.19,46,-1395,13.150000000000006
31094,SAN PEDRO,VALLE,Valle del Cauca,15255,8239,7016,140,26,4290,52.06,2897,35.16,157,-1393,16.900000000000006
01270,TARAZA,ANTIOQUIA,Antioquia rural uribista,25378,6679,18699,188,31,3594,53.81,2214,33.14,148,-1380,20.67
21058,REMOLINO,MAGDALENA,Caribe norte,7771,3590,4181,33,2,2364,65.84,1026,28.57,69,-1338,37.27
05015,CICUCO,BOLIVAR,Caribe + Magdalena Medio,11673,4756,6917,41,15,2873,60.4,1539,32.35,38,-1334,28.049999999999997
50070,BARRANCOMINAS,GUAINIA,Amazonía,5484,1700,3784,25,14,1457,85.7,124,7.29,10,-1333,78.41
24062,MISTRATO,RISARALDA,Eje cafetero,12754,6159,6595,114,42,3196,51.89,1887,30.63,125,-1309,21.26
17017,EL CANTON DEL SAN PABLO (MAN.,CHOCO,Pacífico afro,6069,2281,3788,33,6,1709,74.92,406,17.79,14,-1303,57.13
60007,PUERTO NARIÑO,AMAZONAS,Amazonía,5172,2204,2968,43,24,1629,73.91,327,14.83,9,-1302,59.08
28240,SAN PEDRO,SUCRE,Caribe + Magdalena Medio,17780,9196,8584,80,38,5009,54.46,3714,40.38,53,-1295,14.079999999999998
44022,SOLANO,CAQUETA,Sur Tolima-Huila-Caquetá,8884,3003,5881,102,29,2005,66.76,729,24.27,21,-1276,42.49000000000001
15250,SOPO,CUNDINAMARCA,Bogotá región,21119,16190,4929,367,17,7099,43.84,5829,36.0,1021,-1270,7.840000000000003
28190,SAN JUAN DE BETULIA (BETULIA),SUCRE,Caribe + Magdalena Medio,12284,7491,4793,74,15,4229,56.45,2963,39.55,50,-1266,16.900000000000006
17014,CERTEGUI,CHOCO,Pacífico afro,5120,2065,3055,38,9,1520,73.6,282,13.65,15,-1238,59.949999999999996
17060,UNION PANAMERICANA (LAS ANIMAS,CHOCO,Pacífico afro,6103,2294,3809,45,8,1631,71.09,401,17.48,23,-1230,53.61
12225,CURUMANI,CESAR,Caribe norte,31317,15356,15961,275,36,7793,50.74,6565,42.75,171,-1228,7.990000000000002
64007,COLON,PUTUMAYO,Amazonía,4734,2848,1886,46,3,1878,65.94,663,23.27,39,-1215,42.67
13043,SAN ANTERO,CORDOBA,Caribe + Magdalena Medio,24949,12275,12674,165,32,6315,51.44,5100,41.54,60,-1215,9.899999999999999
23028,CONTADERO,NARIÑO,Sur andino Nariño,6451,3770,2681,44,7,2331,61.83,1140,30.23,58,-1191,31.599999999999998
17048,UNGUIA,CHOCO,Pacífico afro,10281,3882,6399,52,13,2411,62.1,1221,31.45,22,-1190,30.650000000000002
23058,GUALMATAN,NARIÑO,Sur andino Nariño,5455,3499,1956,96,8,2183,62.38,1014,28.97,70,-1169,33.410000000000004
64013,SAN FRANCISCO,PUTUMAYO,Amazonía,4843,2903,1940,58,6,1851,63.76,698,24.04,51,-1153,39.72
23019,BUESACO,NARIÑO,Sur andino Nariño,18981,10602,8379,227,58,5091,48.01,3965,37.39,143,-1126,10.619999999999997
25043,HACARI,NORTE DE SAN,Catatumbo / Frontera,8288,3212,5076,47,10,2076,64.63,955,29.73,30,-1121,34.89999999999999
17028,NOVITA,CHOCO,Pacífico afro,6022,2090,3932,63,10,1463,70.0,352,16.84,15,-1111,53.16
28030,COLOSO (RICAURTE),SUCRE,Caribe + Magdalena Medio,8785,4338,4447,55,17,2548,58.73,1440,33.19,31,-1108,25.54
15239,SIBATE,CUNDINAMARCA,Bogotá región,28107,18682,9425,382,25,8296,44.4,7196,38.51,718,-1100,5.890000000000001
05072,SAN CRISTOBAL,BOLIVAR,Caribe + Magdalena Medio,8171,3637,4534,37,7,2285,62.82,1192,32.77,25,-1093,30.049999999999997
17022,JURADO,CHOCO,Pacífico afro,3898,1441,2457,23,2,1224,84.94,152,10.54,4,-1072,74.4
23096,NARIÑO,NARIÑO,Sur andino Nariño,5225,3381,1844,52,11,2080,61.52,1034,30.58,64,-1046,30.940000000000005
23017,BELEN,NARIÑO,Sur andino Nariño,5343,3085,2258,127,11,1828,59.25,786,25.47,43,-1042,33.78
15259,SUESCA,CUNDINAMARCA,Bogotá región,12064,8527,3537,247,23,3958,46.41,2962,34.73,354,-996,11.68
11079,SANTA ROSA,CAUCA,Pacífico indígena/campesino,4121,2113,2008,21,8,1471,69.61,478,22.62,13,-993,46.989999999999995
31076,OBANDO,VALLE,Valle del Cauca,10871,5265,5606,79,26,2772,52.64,1783,33.86,90,-989,18.78
48018,URUMITA,LA GUAJIRA,Caribe norte,9383,5310,4073,68,7,3036,57.17,2087,39.3,41,-949,17.870000000000005
05124,VILLANUEVA,BOLIVAR,Caribe + Magdalena Medio,17747,7342,10405,127,47,3845,52.36,2916,39.71,66,-929,12.649999999999999
23097,OSPINA,NARIÑO,Sur andino Nariño,6043,3206,2837,97,16,1862,58.07,945,29.47,37,-917,28.6
01187,MUTATA,ANTIOQUIA,Urabá,16472,5781,10691,101,39,3065,53.01,2151,37.2,80,-914,15.809999999999995
31067,LA CUMBRE,VALLE,Valle del Cauca,14324,7990,6334,160,22,3864,48.36,2973,37.2,145,-891,11.159999999999997
64004,PUERTO LEGUIZAMO,PUTUMAYO,Amazonía,15722,5422,10300,128,41,2867,52.87,1978,36.48,90,-889,16.39
05043,MOMPOS,BOLIVAR,Caribe + Magdalena Medio,39829,17047,22782,186,49,8271,48.51,7404,43.43,120,-867,5.079999999999998
05031,MAHATES,BOLIVAR,Caribe + Magdalena Medio,22905,9050,13855,135,30,4427,48.91,3564,39.38,66,-863,9.529999999999994
17040,SIPI,CHOCO,Pacífico afro,3186,1079,2107,16,7,939,87.02,83,7.69,6,-856,79.33
21078,SANTA BARBARA DE PINTO,MAGDALENA,Caribe norte,9306,4026,5280,42,10,2323,57.69,1484,36.86,11,-839,20.83
21085,TENERIFE,MAGDALENA,Caribe norte,12231,4977,7254,64,22,2740,55.05,1911,38.39,32,-829,16.659999999999997
13016,CHIMA,CORDOBA,Caribe + Magdalena Medio,13673,7090,6583,50,11,3737,52.7,2923,41.22,30,-814,11.480000000000004
48008,DISTRACCION,LA GUAJIRA,Caribe norte,11585,4948,6637,59,12,2764,55.86,1959,39.59,28,-805,16.269999999999996
28260,SINCE,SUCRE,Caribe + Magdalena Medio,27811,14072,13739,207,42,6856,48.72,6093,43.29,135,-763,5.43
17032,RIO IRO,CHOCO,Pacífico afro,4707,1574,3133,38,2,1078,68.48,316,20.07,9,-762,48.410000000000004
11060,PIAMONTE,CAUCA,Pacífico indígena/campesino,6733,2802,3931,80,17,1628,58.1,875,31.22,22,-753,26.880000000000003
01301,ZARAGOZA,ANTIOQUIA,Antioquia rural uribista,21838,6234,15604,197,34,3012,48.31,2263,36.3,115,-749,12.010000000000005
05014,CANTAGALLO,BOLIVAR,Caribe + Magdalena Medio,8672,4539,4133,38,4,2519,55.49,1781,39.23,34,-738,16.260000000000005
05084,SAN PABLO,BOLIVAR,Caribe + Magdalena Medio,21137,9121,12016,176,39,4521,49.56,3802,41.68,106,-719,7.880000000000003
21020,CONCORDIA,MAGDALENA,Caribe norte,12450,4389,8061,26,19,2414,55.0,1702,38.77,25,-712,16.229999999999997
48020,VILLANUEVA,LA GUAJIRA,Caribe norte,20312,9962,10350,124,16,5027,50.46,4316,43.32,148,-711,7.140000000000001
29016,ARMERO (GUAYABAL),TOLIMA,Sur Tolima-Huila-Caquetá,10533,5668,4865,90,16,2853,50.33,2143,37.8,72,-710,12.530000000000001
88155,ARGENTINA,CONSULADOS,Exterior (consulados),21438,10356,11082,138,0,4499,43.44,3817,36.85,779,-682,6.589999999999996
07059,CUBARA,BOYACA,Boyacá-Cundi rural,7075,2979,4096,50,12,1679,56.36,1051,35.28,51,-628,21.08
01117,EL BAGRE,ANTIOQUIA,Antioquia rural uribista,42597,13496,29101,414,130,6230,46.16,5608,41.55,292,-622,4.609999999999999
05005,ARENAL,BOLIVAR,Caribe + Magdalena Medio,6997,3002,3995,50,6,1723,57.39,1103,36.74,24,-620,20.65
13061,VALENCIA,CORDOBA,Caribe + Magdalena Medio,28857,12515,16342,185,34,6175,49.34,5561,44.43,88,-614,4.910000000000004
05050,NOROSI,BOLIVAR,Caribe + Magdalena Medio,5495,2164,3331,32,3,1304,60.25,710,32.8,13,-594,27.450000000000003
15029,CABRERA,CUNDINAMARCA,Bogotá región,3588,1976,1612,30,8,1203,60.88,615,31.12,13,-588,29.76
54012,MIRAFLORES,GUAVIARE,Amazonía,3666,1130,2536,30,6,788,69.73,213,18.84,15,-575,50.89
52044,MESETAS,META,Llanos petroleros,9371,5224,4147,134,27,2625,50.24,2060,39.43,61,-565,10.810000000000002
26050,LA TEBAIDA,QUINDIO,Eje cafetero,30930,16975,13955,365,63,7199,42.4,6653,39.19,738,-546,3.210000000000001
23013,ARBOLEDA (BERRUECOS),NARIÑO,Sur andino Nariño,6071,3310,2761,83,12,1711,51.69,1167,35.25,30,-544,16.439999999999998
29031,COELLO,TOLIMA,Sur Tolima-Huila-Caquetá,8510,4917,3593,42,14,2446,49.74,1926,39.17,59,-520,10.57
60013,LA CHORRERA,AMAZONAS,Amazonía,1132,585,547,2,0,544,92.99,25,4.27,0,-519,88.72
01208,REMEDIOS,ANTIOQUIA,Antioquia rural uribista,23910,7918,15992,302,41,3584,45.26,3066,38.72,323,-518,6.539999999999999
88220,BRASIL,CONSULADOS,Exterior (consulados),9264,4159,5105,46,1,1895,45.56,1418,34.09,270,-477,11.469999999999999
03040,REPELON,ATLANTICO,Caribe norte,22341,10110,12231,127,58,4942,48.88,4475,44.26,157,-467,4.6200000000000045
52043,PUERTO GAITAN,META,Llanos petroleros,57552,34430,23122,1021,123,15043,43.69,14580,42.34,697,-463,1.3499999999999943
13049,SAN CARLOS,CORDOBA,Caribe + Magdalena Medio,21940,9399,12541,118,27,4560,48.51,4098,43.6,73,-462,4.909999999999997
05063,REGIDOR,BOLIVAR,Caribe + Magdalena Medio,5664,2496,3168,26,3,1431,57.33,969,38.82,6,-462,18.509999999999998
48012,LA JAGUA DEL PILAR,LA GUAJIRA,Caribe norte,5367,2556,2811,40,7,1435,56.14,992,38.81,21,-443,17.33
23120,SAN BERNARDO,NARIÑO,Sur andino Nariño,6879,4150,2729,132,15,2020,48.67,1578,38.02,59,-442,10.649999999999999
28010,BUENAVISTA,SUCRE,Caribe + Magdalena Medio,10426,5201,5225,56,12,2625,50.47,2188,42.06,38,-437,8.409999999999997
88755,SUECIA,CONSULADOS,Exterior (consulados),3748,1515,2233,15,2,815,53.79,384,25.34,88,-431,28.45
15025,BOJACA,CUNDINAMARCA,Bogotá región,7695,5406,2289,111,17,2473,45.74,2056,38.03,200,-417,7.710000000000001
17037,SAN JOSE DEL PALMAR,CHOCO,Pacífico afro,4272,1380,2892,26,10,816,59.13,408,29.56,13,-408,29.570000000000004
05041,MONTECRISTO,BOLIVAR,Caribe + Magdalena Medio,10807,3655,7152,61,5,1903,52.06,1514,41.42,17,-389,10.64
21028,EL PIÑON,MAGDALENA,Caribe norte,14144,5807,8337,63,16,2868,49.38,2480,42.7,22,-388,6.68
88170,AUSTRIA,CONSULADOS,Exterior (consulados),2853,1640,1213,22,0,802,48.9,416,25.36,189,-386,23.54
12900,TAMALAMEQUE,CESAR,Caribe norte,11450,5137,6313,45,2,2622,51.04,2246,43.72,30,-376,7.32
01168,PUERTO NARE-LA MAGDALENA,ANTIOQUIA,Antioquia rural uribista,12258,5795,6463,71,23,2584,44.59,2222,38.34,169,-362,6.25
88190,BELGICA,CONSULADOS,Exterior (consulados),5054,2655,2399,27,1,1161,43.72,801,30.16,236,-360,13.559999999999999
40025,SARAVENA,ARAUCA,Llanos petroleros,41399,20253,21146,583,81,8924,44.06,8564,42.28,475,-360,1.7800000000000011
68004,CARURU,VAUPES,Amazonía,1743,535,1208,7,2,413,77.19,57,10.65,8,-356,66.53999999999999
15199,PASCA,CUNDINAMARCA,Bogotá región,8541,5280,3261,94,14,2513,47.59,2160,40.9,117,-353,6.690000000000005
29064,HONDA,TOLIMA,Sur Tolima-Huila-Caquetá,22411,12907,9504,188,27,5755,44.58,5405,41.87,256,-350,2.710000000000001
88675,POLONIA,CONSULADOS,Exterior (consulados),3567,1063,2504,17,0,622,58.51,282,26.52,54,-340,31.99
21067,SALAMINA,MAGDALENA,Caribe norte,8480,3877,4603,50,10,2013,51.92,1681,43.35,29,-332,8.57
88290,CUBA,CONSULADOS,Exterior (consulados),916,606,310,8,1,449,74.09,120,19.8,13,-329,54.290000000000006
68013,BUENOS AIRES (PACOA),VAUPES,Amazonía,1253,353,900,2,2,330,93.48,7,1.98,3,-323,91.5
13024,MOMIL,CORDOBA,Caribe + Magdalena Medio,15043,7768,7275,111,25,3785,48.72,3466,44.61,52,-319,4.109999999999999
29010,AMBALEMA,TOLIMA,Sur Tolima-Huila-Caquetá,6596,3372,3224,47,5,1623,48.13,1307,38.76,29,-316,9.370000000000005
68022,YAVARATE,VAUPES,Amazonía,1059,353,706,2,2,319,90.36,7,1.98,3,-312,88.38
46815,SACAMA,CASANARE,Llanos petroleros,1926,1087,839,42,6,621,57.12,312,28.7,21,-309,28.419999999999998
29067,ICONONZO,TOLIMA,Sur Tolima-Huila-Caquetá,9467,5384,4083,91,16,2414,44.83,2109,39.17,88,-305,5.659999999999997
03035,PONEDERA,ATLANTICO,Caribe norte,21080,8947,12133,102,24,4372,48.86,4083,45.63,81,-289,3.229999999999997
60022,TARAPACA,AMAZONAS,Amazonía,1607,494,1113,25,1,356,72.06,69,13.96,3,-287,58.1
13023,LOS CORDOBAS,CORDOBA,Caribe + Magdalena Medio,17303,7594,9709,107,32,3699,48.7,3416,44.98,49,-283,3.720000000000006
60016,LA PEDRERA,AMAZONAS,Amazonía,1348,400,948,3,2,327,81.75,49,12.25,3,-278,69.5
23077,LA LLANADA,NARIÑO,Sur andino Nariño,4104,2504,1600,87,14,1259,50.27,984,39.29,55,-275,10.980000000000004
03031,PIOJO,ATLANTICO,Caribe norte,5906,2840,3066,12,8,1431,50.38,1167,41.09,20,-264,9.29
07199,PAZ DE RIO,BOYACA,Boyacá-Cundi rural,4047,2351,1696,60,8,1103,46.91,854,36.32,102,-249,10.589999999999996
31097,SEVILLA,VALLE,Valle del Cauca,37664,18725,18939,362,102,7716,41.2,7471,39.89,565,-245,1.3100000000000023
28045,CHALAN,SUCRE,Caribe + Magdalena Medio,5158,2516,2642,37,11,1267,50.35,1025,40.73,15,-242,9.620000000000005
54003,CALAMAR,GUAVIARE,Amazonía,7262,3080,4182,113,16,1434,46.55,1198,38.89,57,-236,7.659999999999997
52049,PUERTO RICO,META,Llanos petroleros,9737,4892,4845,109,26,2214,45.25,1987,40.61,55,-227,4.640000000000001
56004,PROVIDENCIA,SAN ANDRES,Caribe insular,4847,1213,3634,51,1,590,48.63,389,32.06,24,-201,16.57
68017,TARAIRA,VAUPES,Amazonía,1876,402,1474,8,1,278,69.15,85,21.14,11,-193,48.010000000000005
48006,EL MOLINO,LA GUAJIRA,Caribe norte,9208,4233,4975,49,9,2114,49.94,1926,45.49,29,-188,4.449999999999996
88325,DINAMARCA,CONSULADOS,Exterior (consulados),1078,664,414,10,1,304,45.78,123,18.52,90,-181,27.26
60010,EL ENCANTO,AMAZONAS,Amazonía,760,270,490,0,1,216,80.0,37,13.7,1,-179,66.3
13027,MOÑITOS,CORDOBA,Caribe + Magdalena Medio,22405,10359,12046,90,25,5012,48.38,4846,46.78,52,-166,1.6000000000000014
88680,PORTUGAL,CONSULADOS,Exterior (consulados),5340,3178,2162,49,1,1329,41.81,1176,37.0,299,-153,4.810000000000002
60040,PUERTO ARICA,AMAZONAS,Amazonía,535,190,345,0,0,163,85.78,15,7.89,0,-148,77.89
13033,PUERTO ESCONDIDO,CORDOBA,Caribe + Magdalena Medio,20318,8954,11364,82,32,4265,47.63,4129,46.11,58,-136,1.5200000000000031
46480,LA SALINA,CASANARE,Llanos petroleros,980,378,602,19,3,229,60.58,109,28.83,3,-120,31.75
88635,NORUEGA,CONSULADOS,Exterior (consulados),1184,567,617,8,0,258,45.5,145,25.57,48,-113,19.93
21031,FUNDACION,MAGDALENA,Caribe norte,59829,24474,35355,356,52,11518,47.06,11406,46.6,221,-112,0.46000000000000085
03019,LURUACO,ATLANTICO,Caribe norte,26393,10865,15528,114,52,5206,47.91,5096,46.9,78,-110,1.009999999999998
50087,PANA PANA (CAMPO ALEGRE),GUAINIA,Amazonía,624,246,378,14,1,144,58.53,36,14.63,3,-108,43.9
05076,SAN JACINTO,BOLIVAR,Caribe + Magdalena Medio,22212,11044,11168,113,30,5173,46.83,5067,45.88,73,-106,0.9499999999999957
05082,SAN MARTIN DE LOBA,BOLIVAR,Caribe + Magdalena Medio,13106,5396,7710,46,18,2589,47.97,2484,46.03,33,-105,1.9399999999999977
31109,ULLOA,VALLE,Valle del Cauca,5383,2558,2825,44,18,1081,42.25,992,38.78,38,-89,3.469999999999999
60019,MIRITI PARANA,AMAZONAS,Amazonía,560,96,464,2,0,89,92.7,4,4.16,0,-85,88.54
44016,MILAN,CAQUETA,Sur Tolima-Huila-Caquetá,6745,2538,4207,64,7,1204,47.43,1123,44.24,24,-81,3.1899999999999977
07307,TIBASOSA,BOYACA,Boyacá-Cundi rural,10335,6912,3423,105,12,2906,42.04,2825,40.87,262,-81,1.1700000000000017
88700,RUSIA,CONSULADOS,Exterior (consulados),821,175,646,7,0,111,63.42,31,17.71,11,-80,45.71
60030,PUERTO ALEGRIA,AMAZONAS,Amazonía,289,112,177,0,0,94,83.92,14,12.5,0,-80,71.42
88470,IRLANDA,CONSULADOS,Exterior (consulados),921,603,318,3,0,247,40.96,171,28.35,57,-76,12.61
60021,PUERTO SANTANDER,AMAZONAS,Amazonía,572,132,440,2,0,93,70.45,19,14.39,2,-74,56.06
88375,FINLANDIA,CONSULADOS,Exterior (consulados),554,302,252,4,0,141,46.68,70,23.17,35,-71,23.509999999999998
88770,TURQUIA,CONSULADOS,Exterior (consulados),441,225,216,3,0,119,52.88,57,25.33,17,-62,27.550000000000004
31040,CALIMA (DARIEN),VALLE,Valle del Cauca,15587,8344,7243,206,31,3637,43.58,3579,42.89,221,-58,0.6899999999999977
17004,ACANDI,CHOCO,Pacífico afro,10929,4138,6791,64,24,1944,46.97,1887,45.6,28,-57,1.3699999999999974
12625,MANAURE BALCON DEL CESAR (MANA,CESAR,Caribe norte,9290,5121,4169,47,15,2434,47.52,2382,46.51,75,-52,1.0100000000000051
88445,HUNGRIA,CONSULADOS,Exterior (consulados),390,246,144,10,0,106,43.08,54,21.95,38,-52,21.13
68010,MORICHAL (PAPUNAGUA),VAUPES,Amazonía,186,85,101,1,0,61,71.76,17,20.0,1,-44,51.760000000000005
50083,MORICHAL (MORICHAL NUEVO),GUAINIA,Amazonía,238,56,182,0,0,43,76.78,4,7.14,1,-39,69.64
52027,EL CASTILLO,META,Llanos petroleros,6339,3401,2938,80,10,1529,44.95,1496,43.98,37,-33,0.970000000000006
60017,LA VICTORIA,AMAZONAS,Amazonía,75,29,46,1,0,28,96.55,0,0.0,0,-28,96.55
50073,CACAHUAL,GUAINIA,Amazonía,265,41,224,3,0,31,75.6,4,9.75,0,-27,65.85
88690,REPUBLICA SOCIALISTA DE VIETNA,CONSULADOS,Exterior (consulados),84,33,51,1,0,17,51.51,8,24.24,3,-9,27.27
88135,AZERBAIYAN,CONSULADOS,Exterior (consulados),34,22,12,0,0,11,50.0,3,13.63,3,-8,36.37
88115,GHANA,CONSULADOS,Exterior (consulados),76,45,31,0,0,21,46.66,16,35.55,2,-5,11.11
88430,HAITI,CONSULADOS,Exterior (consulados),24,14,10,1,0,8,57.14,3,21.42,0,-5,35.72
