codigo_interno,nombre_municipio,departamento_nombre,cluster,censo,votos_validos,votos_cepeda,pct_cepeda,ganador_codpar,ganador_pct,potencial_no_votante,brecha_votos_vs_ganador,nbi_score,score_oportunidad
16001,BOGOTA. D.C.,BOGOTA D.C.,Bogotá centro/occidente,6076599,4094508,1706249,41.67,7,41.67,1982091,0,0.4,1400717.0
31001,CALI,VALLE,Valle del Cauca,1839148,1053010,541270,51.4,7,51.4,786138,0,0.4,586151.0
03001,BARRANQUILLA,ATLANTICO,Caribe norte,1186097,598064,281123,47.0,7,47.0,588033,0,0.4,428101.0
01001,MEDELLIN,ANTIOQUIA,Antioquia metropolitana,1891862,1227731,300729,24.49,10,55.09,664131,375629,0.4,423701.0
05001,CARTAGENA,BOLIVAR,Caribe + Magdalena Medio,866447,418110,239504,57.28,7,57.28,448337,0,0.4,344829.0
25001,CUCUTA,NORTE DE SAN,Norte Santander urbano (Cúcuta),650786,370744,56294,15.18,10,72.12,280042,211118,0.4,168231.0
88360,ESTADOS UNIDOS,CONSULADOS,Exterior (consulados),454262,200171,28548,14.26,10,73.03,254091,117653,0.4,151704.0
21001,SANTA MARTA,MAGDALENA,Caribe norte,408863,215262,112812,52.4,7,52.4,193601,0,0.4,145129.0
03052,SOLEDAD,ATLANTICO,Caribe norte,343745,168549,104590,62.05,7,62.05,175196,0,0.4,138092.0
24001,PEREIRA,RISARALDA,Eje cafetero,463062,273599,96694,35.34,10,45.62,189463,28140,0.4,129094.0
88355,ESPAÑA,CONSULADOS,Exterior (consulados),307996,127207,54162,42.57,7,42.57,180789,0,0.4,128416.0
13001,MONTERIA,CORDOBA,Caribe + Magdalena Medio,374004,207008,104497,50.47,7,50.47,166996,0,0.4,123897.0
31019,BUENAVENTURA,VALLE,Pacífico afro,233201,89716,72065,80.32,7,80.32,143485,0,0.4,123584.0
27001,BUCARAMANGA,SANTANDER,Santanderes urbanos,524202,341323,91324,26.75,10,58.1,182879,107008,0.4,118327.0
12001,VALLEDUPAR,CESAR,Caribe norte,348470,188358,89773,47.66,7,47.66,160112,0,0.4,116985.0
29001,IBAGUE,TOLIMA,Sur Tolima-Huila-Caquetá,474707,304909,109574,35.93,10,46.36,169798,31786,0.4,116099.0
01049,BELLO,ANTIOQUIA,Antioquia metropolitana,379595,225626,63055,27.94,10,51.71,153969,53635,0.4,100355.0
88815,VENEZUELA,CONSULADOS,Exterior (consulados),180782,21601,4352,20.14,10,66.26,159181,9961,0.4,98786.0
52001,VILLAVICENCIO,META,Llanos petroleros,405049,258018,78547,30.44,10,52.99,147031,58183,0.4,97301.0
31079,PALMIRA,VALLE,Valle del Cauca,289345,163830,90115,55.0,7,55.0,125515,0,0.4,95394.0
48016,URIBIA,LA GUAJIRA,Caribe norte,131218,22269,12551,56.36,7,56.36,108949,0,0.4,83394.0
23001,PASTO,NARIÑO,Sur andino Nariño,315437,213368,140876,66.02,7,66.02,102069,0,0.4,82074.0
15247,SOACHA,CUNDINAMARCA,Bogotá región,362686,255080,139603,54.72,7,54.72,107606,0,0.4,81664.0
09001,MANIZALES,CALDAS,Eje cafetero,348633,230488,73993,32.1,10,42.75,118145,24547,0.4,78969.0
19001,NEIVA,HUILA,Sur Tolima-Huila-Caquetá,297225,183829,71549,38.92,10,46.78,113396,14449,0.4,78888.0
23139,TUMACO,NARIÑO,Pacífico afro,143672,54029,41118,76.1,7,76.1,89643,0,0.4,75696.0
26001,ARMENIA,QUINDIO,Eje cafetero,281258,169637,53484,31.52,10,49.73,111621,30880,0.4,74352.0
28001,SINCELEJO,SUCRE,Caribe + Magdalena Medio,221269,125329,71183,56.79,7,56.79,95940,0,0.4,73604.0
48010,MAICAO,LA GUAJIRA,Caribe norte,141996,49978,25692,51.4,7,51.4,92018,0,0.4,68611.0
01151,ITAGUI,ANTIOQUIA,Antioquia metropolitana,267999,161696,39461,24.4,10,56.06,106303,51195,0.4,67781.0
11001,POPAYAN,CAUCA,Pacífico indígena/campesino,269520,184022,104468,56.76,7,56.76,85498,0,0.4,65584.0
48001,RIOHACHA,LA GUAJIRA,Caribe norte,156388,69900,37453,53.58,7,53.58,86488,0,0.4,65240.0
31106,TULUA,VALLE,Valle del Cauca,173667,98087,43107,43.94,7,43.94,75580,0,0.4,54099.0
27019,BARRANCABERMEJA,SANTANDER,Magdalena Medio,188674,119407,69511,58.21,7,58.21,69267,0,0.4,53533.0
24025,DOSQUEBRADAS,RISARALDA,Eje cafetero,181405,107908,40698,37.71,10,43.44,73497,6183,0.4,50776.0
01121,ENVIGADO,ANTIOQUIA,Antioquia metropolitana,244817,163223,23934,14.66,10,65.4,81594,82816,0.4,48847.0
05028,MAGANGUE,BOLIVAR,Caribe + Magdalena Medio,104516,45395,27393,60.34,7,60.34,59121,0,0.4,46196.0
27082,FLORIDABLANCA,SANTANDER,Santanderes urbanos,224184,156443,42163,26.95,10,57.55,67741,47870,0.4,43883.0
01280,TURBO,ANTIOQUIA,Urabá,99961,43958,26437,60.14,7,60.14,56003,0,0.4,43714.0
01035,APARTADO,ANTIOQUIA,Urabá,109813,54380,32102,59.03,7,59.03,55433,0,0.4,43023.0
03022,MALAMBO,ATLANTICO,Caribe norte,94794,43119,29475,68.35,7,68.35,51675,0,0.4,42034.0
17001,QUIBDO,CHOCO,Pacífico afro,88487,40138,29900,74.49,7,74.49,48349,0,0.4,40515.0
44001,FLORENCIA,CAQUETA,Sur Tolima-Huila-Caquetá,137546,78308,26756,34.16,10,52.49,59238,14352,0.4,40085.0
21016,CIENAGA,MAGDALENA,Caribe norte,94405,43313,25967,59.95,7,59.95,51092,0,0.4,39842.0
48011,MANAURE,LA GUAJIRA,Caribe norte,63985,13180,7997,60.67,7,60.67,50805,0,0.4,39765.0
23067,IPIALES,NARIÑO,Sur andino Nariño,105954,56243,35198,62.58,7,62.58,49711,0,0.4,39288.0
31064,JAMUNDI,VALLE,Valle del Cauca,132159,80922,45076,55.7,7,55.7,51237,0,0.4,39084.0
31034,CARTAGO,VALLE,Valle del Cauca,122213,65738,24806,37.73,10,46.03,56475,5459,0.4,39021.0
31121,YUMBO,VALLE,Valle del Cauca,112799,65405,44723,68.37,7,68.37,47394,0,0.4,38556.0
13022,LORICA,CORDOBA,Caribe + Magdalena Medio,93485,44707,26216,58.63,7,58.63,48778,0,0.4,37781.0
25100,VILLA DEL ROSARIO,NORTE DE SAN,Norte Santander urbano (Cúcuta),108675,46776,5353,11.44,10,77.25,61899,30785,0.4,36259.0
13058,TIERRALTA,CORDOBA,Caribe + Magdalena Medio,72667,28420,17296,60.85,7,60.85,44247,0,0.4,34665.0
31022,BUGA,VALLE,Valle del Cauca,109762,64729,36630,56.58,7,56.58,45033,0,0.4,34511.0
19061,PITALITO,HUILA,Sur Tolima-Huila-Caquetá,114211,64710,21913,33.86,10,53.31,49501,12589,0.4,33436.0
27091,GIRON,SANTANDER,Santanderes urbanos,133606,85826,25499,29.71,10,56.72,47780,23183,0.4,31479.0
05118,TURBACO,BOLIVAR,Caribe + Magdalena Medio,77424,37755,22333,59.15,7,59.15,39669,0,0.4,30807.0
13037,SAHAGUN,CORDOBA,Caribe + Magdalena Medio,85106,45057,25022,55.53,7,55.53,40049,0,0.4,30523.0
01088,CAUCASIA,ANTIOQUIA,Antioquia rural uribista,77720,37015,18877,50.99,7,50.99,40705,0,0.4,30284.0
03046,SABANALARGA,ATLANTICO,Caribe norte,76674,39061,24095,61.68,7,61.68,37613,0,0.4,29592.0
40001,ARAUCA,ARAUCA,Llanos petroleros,81993,35371,7194,20.33,10,64.2,46622,15516,0.4,28969.0
31031,CANDELARIA,VALLE,Valle del Cauca,89247,54085,36468,67.42,7,67.42,35162,0,0.4,28471.0
07001,TUNJA,BOYACA,Boyacá-Cundi rural,142355,102433,44172,43.12,7,43.12,39922,0,0.4,28444.0
15094,FUSAGASUGA,CUNDINAMARCA,Bogotá región,124137,82659,27302,33.02,10,50.38,41478,14348,0.4,27878.0
46001,YOPAL,CASANARE,Llanos petroleros,135269,93390,25755,27.57,10,57.91,41879,28334,0.4,27234.0
13010,CERETE,CORDOBA,Caribe + Magdalena Medio,79044,44476,26771,60.19,7,60.19,34568,0,0.4,26990.0
27160,PIEDECUESTA,SANTANDER,Santanderes urbanos,134577,93397,26051,27.89,10,58.11,41180,28227,0.4,26832.0
05007,ARJONA,BOLIVAR,Caribe + Magdalena Medio,59799,26981,17814,66.02,7,66.02,32818,0,0.4,26389.0
13025,MONTELIBANO,CORDOBA,Caribe + Magdalena Medio,63005,31776,22618,71.17,7,71.17,31229,0,0.4,25755.0
21031,FUNDACION,MAGDALENA,Caribe norte,59829,24474,11518,47.06,7,47.06,35355,0,0.4,25747.0
21095,ZONA BANANERA (SEVILLA),MAGDALENA,Caribe norte,51263,20309,14635,72.06,7,72.06,30954,0,0.4,25638.0
11076,SANTANDER DE QUILICHAO,CAUCA,Pacífico indígena/campesino,87246,55584,36828,66.25,7,66.25,31662,0,0.4,25489.0
05022,EL CARMEN DE BOLIVAR,BOLIVAR,Caribe + Magdalena Medio,61998,27586,10555,38.26,10,53.07,34412,4086,0.4,23849.0
28220,SAN ONOFRE,SUCRE,Caribe + Magdalena Medio,47066,18226,12645,69.37,7,69.37,28840,0,0.4,23577.0
15076,FACATATIVA,CUNDINAMARCA,Bogotá región,104308,72672,34701,47.75,7,47.75,31636,0,0.4,23126.0
56001,SAN ANDRES,SAN ANDRES,Caribe insular,48943,16787,7346,43.76,10,44.1,32156,58,0.4,22993.0
05040,MARIA LA BAJA,BOLIVAR,Caribe + Magdalena Medio,45030,16323,10552,64.64,7,64.64,28707,0,0.4,22925.0
13028,PLANETA RICA,CORDOBA,Caribe + Magdalena Medio,57122,26892,14570,54.17,7,54.17,30230,0,0.4,22876.0
25054,LOS PATIOS,NORTE DE SAN,Norte Santander urbano (Cúcuta),83857,46168,6987,15.13,10,72.49,37689,26483,0.4,22634.0
64002,PUERTO ASIS,PUTUMAYO,Amazonía,53588,26197,18004,68.72,7,68.72,27391,0,0.4,22321.0
15109,GIRARDOT,CUNDINAMARCA,Bogotá región,87128,55222,21283,38.54,10,47.94,31906,5193,0.4,22148.0
01106,CHIGORODO,ANTIOQUIA,Urabá,53621,24344,13171,54.1,7,54.1,29277,0,0.4,22146.0
88330,ECUADOR,CONSULADOS,Exterior (consulados),43357,9228,2505,27.14,10,54.56,34129,2530,0.4,22135.0
25061,OCAÑA,NORTE DE SAN,Catatumbo / Frontera,90395,55721,13256,23.78,10,66.43,34674,23762,0.4,22024.0
12150,AGUSTIN CODAZZI,CESAR,Caribe norte,54027,25097,13803,54.99,7,54.99,28930,0,0.4,21987.0
01214,RIONEGRO,ANTIOQUIA,Antioquia rural uribista,135018,99730,18050,18.09,10,58.87,35288,40662,0.4,21610.0
07277,SOGAMOSO,BOYACA,Boyacá-Cundi rural,101453,70423,27481,39.02,10,42.13,31030,2193,0.4,21600.0
15340,ZIPAQUIRA,CUNDINAMARCA,Bogotá región,113388,83769,39011,46.56,7,46.56,29619,0,0.4,21512.0
12075,AGUACHICA,CESAR,Caribe norte,77716,45830,14388,31.39,10,59.62,31886,12939,0.4,21223.0
01117,EL BAGRE,ANTIOQUIA,Antioquia rural uribista,42597,13496,6230,46.16,7,46.16,29101,0,0.4,21088.0
01103,COPACABANA,ANTIOQUIA,Antioquia metropolitana,77843,45747,13240,28.94,10,50.55,32096,9889,0.4,21048.0
01080,CAREPA,ANTIOQUIA,Urabá,49440,22103,12538,56.72,7,56.72,27337,0,0.4,20965.0
88250,CANADA,CONSULADOS,Exterior (consulados),73237,41120,11567,28.12,10,50.62,32117,9249,0.4,20957.0
21025,EL BANCO,MAGDALENA,Caribe norte,51967,22356,9117,40.78,10,53.12,29611,2759,0.4,20820.0
31049,EL CERRITO,VALLE,Valle del Cauca,56109,31177,20795,66.69,7,66.69,24932,0,0.4,20115.0
28200,SAN MARCOS,SUCRE,Caribe + Magdalena Medio,48063,22019,12422,56.41,7,56.41,26044,0,0.4,19941.0
07079,DUITAMA,BOYACA,Boyacá-Cundi rural,97592,69312,27239,39.29,10,42.18,28280,1999,0.4,19717.0
31055,FLORIDA,VALLE,Valle del Cauca,54892,31380,22399,71.37,7,71.37,23512,0,0.4,19410.0
03013,GALAPA,ATLANTICO,Caribe norte,46368,22189,14528,65.47,7,65.47,24179,0,0.4,19389.0
15055,CHIA,CUNDINAMARCA,Bogotá región,124222,94808,26293,27.73,10,50.61,29414,21690,0.4,19147.0
88305,CHILE,CONSULADOS,Exterior (consulados),45253,18233,7341,40.26,10,43.31,27020,556,0.4,18942.0
03004,BARANOA,ATLANTICO,Caribe norte,53101,29255,17979,61.45,7,61.45,23846,0,0.4,18739.0
21052,PLATO,MAGDALENA,Caribe norte,44068,19537,10745,54.99,7,54.99,24531,0,0.4,18643.0
15160,MADRID,CUNDINAMARCA,Bogotá región,93544,68075,31763,46.65,7,46.65,25469,0,0.4,18507.0
09049,LA DORADA,CALDAS,Eje cafetero,57276,30571,11685,38.22,10,45.42,26705,2203,0.4,18504.0
13013,CIENAGA DE ORO,CORDOBA,Caribe + Magdalena Medio,48770,26400,18890,71.55,7,71.55,22370,0,0.4,18482.0
60001,LETICIA,AMAZONAS,Amazonía,45224,20715,10415,50.27,7,50.27,24509,0,0.4,18164.0
24086,SANTA ROSA DE CABAL,RISARALDA,Eje cafetero,69401,42184,13099,31.05,10,48.9,27217,7532,0.4,18078.0
25093,TIBU,NORTE DE SAN,Catatumbo / Frontera,45677,18766,6001,31.97,10,53.06,26911,3957,0.4,17974.0
15169,MOSQUERA,CUNDINAMARCA,Bogotá región,99110,73855,31194,42.23,7,42.23,25255,0,0.4,17904.0
26010,CALARCA,QUINDIO,Eje cafetero,63233,36603,11800,32.23,10,47.19,26630,5476,0.4,17814.0
01070,CALDAS,ANTIOQUIA,Antioquia metropolitana,73226,46595,13435,28.83,10,48.04,26631,8950,0.4,17452.0
01192,NECOCLI,ANTIOQUIA,Urabá,40425,15373,5919,38.5,10,48.7,25052,1569,0.4,17386.0
01218,SABANETA,ANTIOQUIA,Antioquia metropolitana,99546,70950,11895,16.76,10,61.98,28596,32082,0.4,17360.0
05043,MOMPOS,BOLIVAR,Caribe + Magdalena Medio,39829,17047,8271,48.51,7,48.51,22782,0,0.4,16724.0
40010,ARAUQUITA,ARAUCA,Llanos petroleros,36419,14270,7671,53.75,7,53.75,22149,0,0.4,16723.0
52035,GRANADA,META,Llanos petroleros,60539,35468,11123,31.36,10,54.67,25071,8270,0.4,16683.0
52043,PUERTO GAITAN,META,Llanos petroleros,57552,34430,15043,43.69,7,43.69,23122,0,0.4,16527.0
15088,FUNZA,CUNDINAMARCA,Bogotá región,81479,58361,25293,43.33,7,43.33,23118,0,0.4,16491.0
29046,ESPINAL,TOLIMA,Sur Tolima-Huila-Caquetá,62996,38838,13830,35.6,10,44.59,24158,3490,0.4,16486.0
01259,SEGOVIA,ANTIOQUIA,Antioquia rural uribista,33611,11981,6457,53.89,7,53.89,21630,0,0.4,16343.0
01133,GIRARDOTA,ANTIOQUIA,Antioquia metropolitana,56839,31629,8511,26.9,10,50.84,25210,7570,0.4,16327.0
13004,AYAPEL,CORDOBA,Caribe + Magdalena Medio,36724,14331,6663,46.49,10,47.7,22393,173,0.4,16257.0
31082,PRADERA,VALLE,Valle del Cauca,42523,23144,16082,69.48,7,69.48,19379,0,0.4,15851.0
01166,LA ESTRELLA,ANTIOQUIA,Antioquia metropolitana,66893,42053,10269,24.41,10,53.69,24840,12310,0.4,15840.0
19034,GARZON,HUILA,Sur Tolima-Huila-Caquetá,61091,36725,10038,27.33,10,59.62,24366,11859,0.4,15822.0
54001,SAN JOSE DEL GUAVIARE,GUAVIARE,Amazonía,48325,25271,9150,36.2,10,47.64,23054,2890,0.4,15788.0
29040,CHAPARRAL,TOLIMA,Sur Tolima-Huila-Caquetá,41788,18909,6450,34.11,10,48.36,22879,2696,0.4,15476.0
28040,COROZAL,SUCRE,Caribe + Magdalena Medio,50627,30942,17816,57.57,7,57.57,19685,0,0.4,15164.0
40025,SARAVENA,ARAUCA,Llanos petroleros,41399,20253,8924,44.06,7,44.06,21146,0,0.4,15146.0
01043,BARBOSA,ANTIOQUIA,Antioquia metropolitana,46982,23983,6929,28.89,10,48.43,22999,4688,0.4,15077.0
64001,MOCOA,PUTUMAYO,Amazonía,43380,25001,17187,68.74,7,68.74,18379,0,0.4,14979.0
72006,CUMARIBO,VICHADA,Llanos petroleros,25298,7756,6066,78.21,7,78.21,17542,0,0.4,14961.0
13032,PUERTO LIBERTADOR,CORDOBA,Caribe + Magdalena Medio,32704,15047,10511,69.85,7,69.85,17657,0,0.4,14468.0
21010,ARACATACA,MAGDALENA,Caribe norte,30598,12389,7645,61.7,7,61.7,18209,0,0.4,14327.0
09034,CHINCHINA,CALDAS,Eje cafetero,47723,26429,8441,31.93,10,45.16,21294,3495,0.4,14219.0
52005,ACACIAS,META,Llanos petroleros,78857,57447,17424,30.33,10,53.45,21410,13287,0.4,14159.0
01270,TARAZA,ANTIOQUIA,Antioquia rural uribista,25378,6679,3594,53.81,7,53.81,18699,0,0.4,14122.0
31037,DAGUA,VALLE,Valle del Cauca,38323,19279,9228,47.86,7,47.86,19044,0,0.4,13930.0
23016,BARBACOAS,NARIÑO,Sur andino Nariño,24240,7919,6204,78.34,7,78.34,16321,0,0.4,13928.0
01205,PUERTO BERRIO,ANTIOQUIA,Magdalena Medio,34906,14764,5517,37.36,10,50.41,20142,1927,0.4,13887.0
21049,PIVIJAY,MAGDALENA,Caribe norte,31109,13080,7442,56.89,7,56.89,18029,0,0.4,13839.0
31124,ZARZAL,VALLE,Valle del Cauca,40013,22316,13457,60.3,7,60.3,17697,0,0.4,13825.0
64023,ORITO,PUTUMAYO,Amazonía,31867,15852,12783,80.63,7,80.63,16015,0,0.4,13814.0
13055,SAN PELAYO,CORDOBA,Caribe + Magdalena Medio,38845,20610,11037,53.55,7,53.55,18235,0,0.4,13753.0
03037,PUERTO COLOMBIA,ATLANTICO,Caribe norte,39762,21561,11515,53.4,7,53.4,18201,0,0.4,13717.0
50001,INIRIDA,GUAINIA,Amazonía,27879,9524,4926,51.72,7,51.72,18355,0,0.4,13709.0
48007,FONSECA,LA GUAJIRA,Caribe norte,32395,15065,9393,62.34,7,62.34,17330,0,0.4,13680.0
19049,LA PLATA,HUILA,Sur Tolima-Huila-Caquetá,47132,26435,7829,29.61,10,55.49,20697,6842,0.4,13628.0
17019,ISTMINA,CHOCO,Pacífico afro,24332,8367,6263,74.85,7,74.85,15965,0,0.4,13401.0
23142,TUQUERRES,NARIÑO,Sur andino Nariño,36133,20286,15394,75.88,7,75.88,15847,0,0.4,13368.0
31097,SEVILLA,VALLE,Valle del Cauca,37664,18725,7716,41.2,7,41.2,18939,0,0.4,13349.0
44010,SAN VICENTE DEL CAGUAN,CAQUETA,Sur Tolima-Huila-Caquetá,42016,23742,11114,46.81,7,46.81,18274,0,0.4,13290.0
64028,VALLE DEL GUAMUEZ (LA HORMIGA),PUTUMAYO,Amazonía,30448,15068,12120,80.43,7,80.43,15380,0,0.4,13254.0
12200,BOSCONIA,CESAR,Caribe norte,33616,16232,9008,55.49,7,55.49,17384,0,0.4,13246.0
28160,SAMPUES,SUCRE,Caribe + Magdalena Medio,36533,20014,12495,62.43,7,62.43,16519,0,0.4,13045.0
40005,TAME,ARAUCA,Llanos petroleros,39412,19696,5972,30.32,10,54.11,19716,4686,0.4,13038.0
13046,SAN BERNARDO DEL VIENTO,CORDOBA,Caribe + Magdalena Medio,28983,12747,8369,65.65,7,65.65,16236,0,0.4,13031.0
05079,SAN JUAN NEPOMUCENO,BOLIVAR,Caribe + Magdalena Medio,32807,14433,5954,41.25,10,52.71,18374,1655,0.4,12954.0
25064,PAMPLONA,NORTE DE SAN,Catatumbo / Frontera,49125,29249,7507,25.66,10,57.6,19876,9343,0.4,12774.0
12608,LA JAGUA DE IBIRICO,CESAR,Caribe norte,32766,16517,9472,57.34,7,57.34,16249,0,0.4,12502.0
13040,SAN ANDRES DE SOTAVENTO,CORDOBA,Caribe + Magdalena Medio,32490,16905,10960,64.83,7,64.83,15585,0,0.4,12458.0
48013,SAN JUAN DEL CESAR,LA GUAJIRA,Caribe norte,36558,18711,7360,39.33,10,54.68,17847,2872,0.4,12445.0
48005,DIBULLA,LA GUAJIRA,Caribe norte,24486,8789,5527,62.88,7,62.88,15697,0,0.4,12425.0
09103,RIOSUCIO,CALDAS,Eje cafetero,41284,23537,9331,39.64,10,41.81,17747,512,0.4,12398.0
24046,LA VIRGINIA,RISARALDA,Eje cafetero,34065,16860,7601,45.08,7,45.08,17205,0,0.4,12393.0
11064,PUERTO TEJADA,CAUCA,Pacífico indígena/campesino,35830,21576,17750,82.26,7,82.26,14254,0,0.4,12388.0
48004,BARRANCAS,LA GUAJIRA,Caribe norte,27356,12190,8124,66.64,7,66.64,15166,0,0.4,12233.0
13061,VALENCIA,CORDOBA,Caribe + Magdalena Medio,28857,12515,6175,49.34,7,49.34,16342,0,0.4,12050.0
12225,CURUMANI,CESAR,Caribe norte,31317,15356,7793,50.74,7,50.74,15961,0,0.4,11859.0
29073,LIBANO,TOLIMA,Sur Tolima-Huila-Caquetá,34080,17897,8501,47.49,7,47.49,16183,0,0.4,11814.0
01295,YARUMAL,ANTIOQUIA,Antioquia rural uribista,35286,16156,3096,19.16,10,56.44,19130,6023,0.4,11797.0
01237,SAN PEDRO DE URABA,ANTIOQUIA,Urabá,29573,11431,3017,26.39,10,59.75,18142,3814,0.4,11712.0
13019,CHINU,CORDOBA,Caribe + Magdalena Medio,40358,23683,9086,38.36,10,48.14,16675,2315,0.4,11563.0
21055,PUEBLOVIEJO,MAGDALENA,Caribe norte,22817,8104,4940,60.95,7,60.95,14713,0,0.4,11532.0
01208,REMEDIOS,ANTIOQUIA,Antioquia rural uribista,23910,7918,3584,45.26,7,45.26,15992,0,0.4,11531.0
26060,MONTENEGRO,QUINDIO,Eje cafetero,35223,18060,5814,32.19,10,46.33,17163,2555,0.4,11478.0
01301,ZARAGOZA,ANTIOQUIA,Antioquia rural uribista,21838,6234,3012,48.31,7,48.31,15604,0,0.4,11442.0
03019,LURUACO,ATLANTICO,Caribe norte,26393,10865,5206,47.91,7,47.91,15528,0,0.4,11361.0
09130,VILLAMARIA,CALDAS,Eje cafetero,48521,31809,10967,34.47,10,41.17,16712,2129,0.4,11329.0
13060,TUCHIN,CORDOBA,Caribe + Magdalena Medio,28195,13883,8706,62.7,7,62.7,14312,0,0.4,11318.0
01064,CACERES,ANTIOQUIA,Antioquia rural uribista,21081,6365,3635,57.1,7,57.1,14716,0,0.4,11308.0
21079,SITIONUEVO,MAGDALENA,Caribe norte,21932,7452,4427,59.4,7,59.4,14480,0,0.4,11260.0
01019,ANDES,ANTIOQUIA,Antioquia rural uribista,36323,17551,2566,14.62,10,57.82,18772,7582,0.4,11235.0
88655,PANAMA,CONSULADOS,Exterior (consulados),29196,11028,2052,18.6,10,64.93,18168,5109,0.4,11163.0
12415,EL PASO,CESAR,Caribe norte,29903,16047,10256,63.91,7,63.91,13856,0,0.4,11025.0
01191,NECHI,ANTIOQUIA,Antioquia rural uribista,22120,6357,2469,38.83,10,50.98,15763,772,0.4,10961.0
12410,EL COPEY,CESAR,Caribe norte,26182,12154,7212,59.33,7,59.33,14028,0,0.4,10905.0
28060,MAJAGUAL,SUCRE,Caribe + Magdalena Medio,30173,13738,4195,30.53,10,56.4,16435,3554,0.4,10882.0
07214,PUERTO BOYACA,BOYACA,Boyacá-Cundi rural,39824,23846,8243,34.56,10,50.36,15978,3766,0.4,10837.0
11028,GUAPI,CAUCA,Pacífico afro,19226,7381,6723,91.08,7,91.08,11845,0,0.4,10712.0
12720,PUEBLO BELLO,CESAR,Caribe norte,23911,10224,5910,57.8,7,57.8,13687,0,0.4,10556.0
12375,CHIRIGUANA,CESAR,Caribe norte,25033,11396,6579,57.73,7,57.73,13637,0,0.4,10513.0
68001,MITU,VAUPES,Amazonía,19993,7450,5531,74.24,7,74.24,12543,0,0.4,10498.0
03049,SANTO TOMAS,ATLANTICO,Caribe norte,27540,14141,8522,60.26,7,60.26,13399,0,0.4,10465.0
25069,PUERTO SANTANDER,NORTE DE SAN,Catatumbo / Frontera,21306,3646,473,12.97,10,77.59,17660,2356,0.4,10453.0
31061,GUACARI,VALLE,Valle del Cauca,30395,17574,11944,67.96,7,67.96,12821,0,0.4,10409.0
28300,TOLU,SUCRE,Caribe + Magdalena Medio,26275,13801,10148,73.53,7,73.53,12474,0,0.4,10405.0
11061,PIENDAMO,CAUCA,Pacífico indígena/campesino,32375,18644,9752,52.3,7,52.3,13731,0,0.4,10288.0
11007,BOLIVAR,CAUCA,Pacífico indígena/campesino,29820,17799,14031,78.83,7,78.83,12021,0,0.4,10282.0
12300,CHIMICHAGUA,CESAR,Caribe norte,26186,11657,4827,41.4,10,52.69,14529,1316,0.4,10252.0
